                                   MODFLOW 6
                U.S. GEOLOGICAL SURVEY MODULAR HYDROLOGIC MODEL
                            VERSION 6.6.1 02/10/2025

   MODFLOW 6 compiled Feb 10 2025 17:37:25 with Intel(R) Fortran Intel(R) 64
   Compiler Classic for applications running on Intel(R) 64, Version 2021.7.0
                             Build 20220726_000000

This software has been approved for release by the U.S. Geological 
Survey (USGS). Although the software has been subjected to rigorous 
review, the USGS reserves the right to update the software as needed 
pursuant to further analysis and review. No warranty, expressed or 
implied, is made by the USGS or the U.S. Government as to the 
functionality of the software and related material nor shall the 
fact of release constitute any such warranty. Furthermore, the 
software is released on condition that neither the USGS nor the U.S. 
Government shall be held liable for any damages resulting from its 
authorized or unauthorized use. Also refer to the USGS Water 
Resources Software User Rights Notice for complete use, copyright, 
and distribution information.


As a work of the United States Government, this USGS product is 
in the public domain within the United States. You can copy, 
modify, distribute, and perform the work, even for commercial 
purposes, all without asking permission. Additionally, USGS 
waives copyright and related rights in the work worldwide 
through CC0 1.0 Universal Public Domain Dedication 
(https://creativecommons.org/publicdomain/zero/1.0/).

The following GNU Lesser General Public License (LGPL) libraries
are used in this USGS product:

    SPARSKIT version 2.0
      ilut, luson, and qsplit 
      (https://www-users.cse.umn.edu/~saad/software/SPARSKIT/)

    RCM - Reverse Cuthill McKee Ordering
      (https://people.math.sc.edu/Burkardt/f_src/rcm/rcm.html)

    BLAS - Basic Linear Algebra Subprograms Level 1
      (https://people.math.sc.edu/Burkardt/f_src/blas1_d/blas1_d.html)

    SPARSEKIT - Sparse Matrix Utility Package
      amux, dperm, dvperm, rperm, and cperm
      (https://people.sc.fsu.edu/~jburkardt/f77_src/sparsekit/sparsekit.html)

The following BSD-3 License libraries are used in this USGS product:

    Modern Fortran DAG Library
      Copyright (c) 2018, Jacob Williams
      All rights reserved.
      (https://github.com/jacobwilliams/daglib)

MODFLOW 6 compiler options: /Isrc\libmf6core.a.p /Isrc /I..\src
/Isrc\libmf6_external.a.p /MTd /nologo /warn:general /warn:truncated_source
/stand:f08 /Zi /traceback /O2 /fpe:0 /heap-arrays:0 /traceback /fpp
/Qdiag-disable:7416 /Qdiag-disable:7025 /Qdiag-disable:5268
/Qdiag-disable:10448 /Fdsrc\libmf6core.a.p\Utilities_compilerversion.F90.pdb
/module:src\libmf6core.a.p
/Fosrc/libmf6core.a.p/Utilities_compilerversion.F90.obj /c

System command used to initiate simulation:
c:\src\imod_coupler\.pixi\envs\dev\python.exe -X frozen_modules=off c:\Users\kok_hk\.vscode\extensions\ms-python.debugpy-2025.15.2025102001-win32-x64\bundled\libs\debugpy\launcher/../..\debugpy --connect 127.0.0.1:64304 --configure-qt none --adapter-access-token b92a73922b32240ec50d919b723e7fc3fb8c9e335638420d2a56eeb9587df3e9 C:\src\MegaSWAP\run_coupled.py

MODFLOW was compiled using uniform precision.

Real Variables
  KIND: 8
  TINY (smallest non-zero value):    2.225074-308
  HUGE (largest value):    1.797693+308
  PRECISION: 15
  SIZE IN BITS: 64

Integer Variables
  KIND: 4
  HUGE (largest value): 2147483647
  SIZE IN BITS: 32

Long Integer Variables
  KIND: 8
  HUGE (largest value): 9223372036854775807
  SIZE IN BITS: 64

Logical Variables
  KIND: 4
  SIZE IN BITS: 32
 

 OPENED mfsim.nam
 FILE TYPE:NAM6               UNIT 1002   STATUS:OLD                 
 FORMAT:FORMATTED              ACCESS:SEQUENTIAL          
 ACTION:READ                

 #modeltype      namefile      modelname

 OPENED model.tdis
 FILE TYPE:TDIS6              UNIT 1003   STATUS:OLD                 
 FORMAT:FORMATTED              ACCESS:SEQUENTIAL          
 ACTION:READ                


 OPENED model.nam
 FILE TYPE:GWF6               UNIT 1004   STATUS:OLD                 
 FORMAT:FORMATTED              ACCESS:SEQUENTIAL          
 ACTION:READ                


 OPENED model.dis
 FILE TYPE:DIS6               UNIT 1005   STATUS:OLD                 
 FORMAT:FORMATTED              ACCESS:SEQUENTIAL          
 ACTION:READ                


 OPENED model.npf
 FILE TYPE:NPF6               UNIT 1006   STATUS:OLD                 
 FORMAT:FORMATTED              ACCESS:SEQUENTIAL          
 ACTION:READ                

 #
 #
 #apply these arrays for the entire simulation
 #
 #icelltype(nodes) is 0:confined, 1:convertible, 4:upstream?
 #
 #K(nodes) horizontal hydraulic conductivity

 OPENED model.sto
 FILE TYPE:STO6               UNIT 1007   STATUS:OLD                 
 FORMAT:FORMATTED              ACCESS:SEQUENTIAL          
 ACTION:READ                


 OPENED model.ic
 FILE TYPE:IC6                UNIT 1008   STATUS:OLD                 
 FORMAT:FORMATTED              ACCESS:SEQUENTIAL          
 ACTION:READ                

 # Basic package file for MODFLOW-USG, generated by el koko.

 OPENED model.oc
 FILE TYPE:OC6       UNIT 1009   STATUS:OLD                 
 FORMAT:FORMATTED              ACCESS:SEQUENTIAL          
 ACTION:READ                


 OPENED model.drn
 FILE TYPE:DRN6               UNIT 1010   STATUS:OLD                 
 FORMAT:FORMATTED              ACCESS:SEQUENTIAL          
 ACTION:READ                


 OPENED model.ghb
 FILE TYPE:GHB6               UNIT 1011   STATUS:OLD                 
 FORMAT:FORMATTED              ACCESS:SEQUENTIAL          
 ACTION:READ                


 OPENED model.rch
 FILE TYPE:RCH6               UNIT 1013   STATUS:OLD                 
 FORMAT:FORMATTED              ACCESS:SEQUENTIAL          
 ACTION:READ                

    ALL SIMULATION MEMORY INFORMATION WILL BE WRITTEN.

 READING SIMULATION OPTIONS
    MAXIMUM NUMBER OF ERRORS THAT WILL BE STORED IS 1000
    MEMORY_PRINT_OPTION SET TO "ALL".
 END OF SIMULATION OPTIONS

 READING SIMULATION TIMING

 TDIS -- TEMPORAL DISCRETIZATION PACKAGE,
 VERSION 1 : 11/13/2014 - INPUT READ FROM MEMPATH: __INPUT__/SIM/TDIS                                
 PROCESSING TDIS OPTIONS
    SIMULATION TIME UNIT IS DAYS
 END OF TDIS OPTIONS
 PROCESSING TDIS DIMENSIONS
  500 STRESS PERIOD(S) IN SIMULATION
 END OF TDIS DIMENSIONS
 PROCESSING TDIS PERIODDATA


 STRESS PERIOD     LENGTH       TIME STEPS     MULTIPLIER FOR DELT
 ----------------------------------------------------------------------------
        1         1.000000          1                    1.000
        2         1.000000          1                    1.000
        3         1.000000          1                    1.000
        4         1.000000          1                    1.000
        5         1.000000          1                    1.000
        6         1.000000          1                    1.000
        7         1.000000          1                    1.000
        8         1.000000          1                    1.000
        9         1.000000          1                    1.000
       10         1.000000          1                    1.000
       11         1.000000          1                    1.000
       12         1.000000          1                    1.000
       13         1.000000          1                    1.000
       14         1.000000          1                    1.000
       15         1.000000          1                    1.000
       16         1.000000          1                    1.000
       17         1.000000          1                    1.000
       18         1.000000          1                    1.000
       19         1.000000          1                    1.000
       20         1.000000          1                    1.000
       21         1.000000          1                    1.000
       22         1.000000          1                    1.000
       23         1.000000          1                    1.000
       24         1.000000          1                    1.000
       25         1.000000          1                    1.000
       26         1.000000          1                    1.000
       27         1.000000          1                    1.000
       28         1.000000          1                    1.000
       29         1.000000          1                    1.000
       30         1.000000          1                    1.000
       31         1.000000          1                    1.000
       32         1.000000          1                    1.000
       33         1.000000          1                    1.000
       34         1.000000          1                    1.000
       35         1.000000          1                    1.000
       36         1.000000          1                    1.000
       37         1.000000          1                    1.000
       38         1.000000          1                    1.000
       39         1.000000          1                    1.000
       40         1.000000          1                    1.000
       41         1.000000          1                    1.000
       42         1.000000          1                    1.000
       43         1.000000          1                    1.000
       44         1.000000          1                    1.000
       45         1.000000          1                    1.000
       46         1.000000          1                    1.000
       47         1.000000          1                    1.000
       48         1.000000          1                    1.000
       49         1.000000          1                    1.000
       50         1.000000          1                    1.000
       51         1.000000          1                    1.000
       52         1.000000          1                    1.000
       53         1.000000          1                    1.000
       54         1.000000          1                    1.000
       55         1.000000          1                    1.000
       56         1.000000          1                    1.000
       57         1.000000          1                    1.000
       58         1.000000          1                    1.000
       59         1.000000          1                    1.000
       60         1.000000          1                    1.000
       61         1.000000          1                    1.000
       62         1.000000          1                    1.000
       63         1.000000          1                    1.000
       64         1.000000          1                    1.000
       65         1.000000          1                    1.000
       66         1.000000          1                    1.000
       67         1.000000          1                    1.000
       68         1.000000          1                    1.000
       69         1.000000          1                    1.000
       70         1.000000          1                    1.000
       71         1.000000          1                    1.000
       72         1.000000          1                    1.000
       73         1.000000          1                    1.000
       74         1.000000          1                    1.000
       75         1.000000          1                    1.000
       76         1.000000          1                    1.000
       77         1.000000          1                    1.000
       78         1.000000          1                    1.000
       79         1.000000          1                    1.000
       80         1.000000          1                    1.000
       81         1.000000          1                    1.000
       82         1.000000          1                    1.000
       83         1.000000          1                    1.000
       84         1.000000          1                    1.000
       85         1.000000          1                    1.000
       86         1.000000          1                    1.000
       87         1.000000          1                    1.000
       88         1.000000          1                    1.000
       89         1.000000          1                    1.000
       90         1.000000          1                    1.000
       91         1.000000          1                    1.000
       92         1.000000          1                    1.000
       93         1.000000          1                    1.000
       94         1.000000          1                    1.000
       95         1.000000          1                    1.000
       96         1.000000          1                    1.000
       97         1.000000          1                    1.000
       98         1.000000          1                    1.000
       99         1.000000          1                    1.000
      100         1.000000          1                    1.000
      101         1.000000          1                    1.000
      102         1.000000          1                    1.000
      103         1.000000          1                    1.000
      104         1.000000          1                    1.000
      105         1.000000          1                    1.000
      106         1.000000          1                    1.000
      107         1.000000          1                    1.000
      108         1.000000          1                    1.000
      109         1.000000          1                    1.000
      110         1.000000          1                    1.000
      111         1.000000          1                    1.000
      112         1.000000          1                    1.000
      113         1.000000          1                    1.000
      114         1.000000          1                    1.000
      115         1.000000          1                    1.000
      116         1.000000          1                    1.000
      117         1.000000          1                    1.000
      118         1.000000          1                    1.000
      119         1.000000          1                    1.000
      120         1.000000          1                    1.000
      121         1.000000          1                    1.000
      122         1.000000          1                    1.000
      123         1.000000          1                    1.000
      124         1.000000          1                    1.000
      125         1.000000          1                    1.000
      126         1.000000          1                    1.000
      127         1.000000          1                    1.000
      128         1.000000          1                    1.000
      129         1.000000          1                    1.000
      130         1.000000          1                    1.000
      131         1.000000          1                    1.000
      132         1.000000          1                    1.000
      133         1.000000          1                    1.000
      134         1.000000          1                    1.000
      135         1.000000          1                    1.000
      136         1.000000          1                    1.000
      137         1.000000          1                    1.000
      138         1.000000          1                    1.000
      139         1.000000          1                    1.000
      140         1.000000          1                    1.000
      141         1.000000          1                    1.000
      142         1.000000          1                    1.000
      143         1.000000          1                    1.000
      144         1.000000          1                    1.000
      145         1.000000          1                    1.000
      146         1.000000          1                    1.000
      147         1.000000          1                    1.000
      148         1.000000          1                    1.000
      149         1.000000          1                    1.000
      150         1.000000          1                    1.000
      151         1.000000          1                    1.000
      152         1.000000          1                    1.000
      153         1.000000          1                    1.000
      154         1.000000          1                    1.000
      155         1.000000          1                    1.000
      156         1.000000          1                    1.000
      157         1.000000          1                    1.000
      158         1.000000          1                    1.000
      159         1.000000          1                    1.000
      160         1.000000          1                    1.000
      161         1.000000          1                    1.000
      162         1.000000          1                    1.000
      163         1.000000          1                    1.000
      164         1.000000          1                    1.000
      165         1.000000          1                    1.000
      166         1.000000          1                    1.000
      167         1.000000          1                    1.000
      168         1.000000          1                    1.000
      169         1.000000          1                    1.000
      170         1.000000          1                    1.000
      171         1.000000          1                    1.000
      172         1.000000          1                    1.000
      173         1.000000          1                    1.000
      174         1.000000          1                    1.000
      175         1.000000          1                    1.000
      176         1.000000          1                    1.000
      177         1.000000          1                    1.000
      178         1.000000          1                    1.000
      179         1.000000          1                    1.000
      180         1.000000          1                    1.000
      181         1.000000          1                    1.000
      182         1.000000          1                    1.000
      183         1.000000          1                    1.000
      184         1.000000          1                    1.000
      185         1.000000          1                    1.000
      186         1.000000          1                    1.000
      187         1.000000          1                    1.000
      188         1.000000          1                    1.000
      189         1.000000          1                    1.000
      190         1.000000          1                    1.000
      191         1.000000          1                    1.000
      192         1.000000          1                    1.000
      193         1.000000          1                    1.000
      194         1.000000          1                    1.000
      195         1.000000          1                    1.000
      196         1.000000          1                    1.000
      197         1.000000          1                    1.000
      198         1.000000          1                    1.000
      199         1.000000          1                    1.000
      200         1.000000          1                    1.000
      201         1.000000          1                    1.000
      202         1.000000          1                    1.000
      203         1.000000          1                    1.000
      204         1.000000          1                    1.000
      205         1.000000          1                    1.000
      206         1.000000          1                    1.000
      207         1.000000          1                    1.000
      208         1.000000          1                    1.000
      209         1.000000          1                    1.000
      210         1.000000          1                    1.000
      211         1.000000          1                    1.000
      212         1.000000          1                    1.000
      213         1.000000          1                    1.000
      214         1.000000          1                    1.000
      215         1.000000          1                    1.000
      216         1.000000          1                    1.000
      217         1.000000          1                    1.000
      218         1.000000          1                    1.000
      219         1.000000          1                    1.000
      220         1.000000          1                    1.000
      221         1.000000          1                    1.000
      222         1.000000          1                    1.000
      223         1.000000          1                    1.000
      224         1.000000          1                    1.000
      225         1.000000          1                    1.000
      226         1.000000          1                    1.000
      227         1.000000          1                    1.000
      228         1.000000          1                    1.000
      229         1.000000          1                    1.000
      230         1.000000          1                    1.000
      231         1.000000          1                    1.000
      232         1.000000          1                    1.000
      233         1.000000          1                    1.000
      234         1.000000          1                    1.000
      235         1.000000          1                    1.000
      236         1.000000          1                    1.000
      237         1.000000          1                    1.000
      238         1.000000          1                    1.000
      239         1.000000          1                    1.000
      240         1.000000          1                    1.000
      241         1.000000          1                    1.000
      242         1.000000          1                    1.000
      243         1.000000          1                    1.000
      244         1.000000          1                    1.000
      245         1.000000          1                    1.000
      246         1.000000          1                    1.000
      247         1.000000          1                    1.000
      248         1.000000          1                    1.000
      249         1.000000          1                    1.000
      250         1.000000          1                    1.000
      251         1.000000          1                    1.000
      252         1.000000          1                    1.000
      253         1.000000          1                    1.000
      254         1.000000          1                    1.000
      255         1.000000          1                    1.000
      256         1.000000          1                    1.000
      257         1.000000          1                    1.000
      258         1.000000          1                    1.000
      259         1.000000          1                    1.000
      260         1.000000          1                    1.000
      261         1.000000          1                    1.000
      262         1.000000          1                    1.000
      263         1.000000          1                    1.000
      264         1.000000          1                    1.000
      265         1.000000          1                    1.000
      266         1.000000          1                    1.000
      267         1.000000          1                    1.000
      268         1.000000          1                    1.000
      269         1.000000          1                    1.000
      270         1.000000          1                    1.000
      271         1.000000          1                    1.000
      272         1.000000          1                    1.000
      273         1.000000          1                    1.000
      274         1.000000          1                    1.000
      275         1.000000          1                    1.000
      276         1.000000          1                    1.000
      277         1.000000          1                    1.000
      278         1.000000          1                    1.000
      279         1.000000          1                    1.000
      280         1.000000          1                    1.000
      281         1.000000          1                    1.000
      282         1.000000          1                    1.000
      283         1.000000          1                    1.000
      284         1.000000          1                    1.000
      285         1.000000          1                    1.000
      286         1.000000          1                    1.000
      287         1.000000          1                    1.000
      288         1.000000          1                    1.000
      289         1.000000          1                    1.000
      290         1.000000          1                    1.000
      291         1.000000          1                    1.000
      292         1.000000          1                    1.000
      293         1.000000          1                    1.000
      294         1.000000          1                    1.000
      295         1.000000          1                    1.000
      296         1.000000          1                    1.000
      297         1.000000          1                    1.000
      298         1.000000          1                    1.000
      299         1.000000          1                    1.000
      300         1.000000          1                    1.000
      301         1.000000          1                    1.000
      302         1.000000          1                    1.000
      303         1.000000          1                    1.000
      304         1.000000          1                    1.000
      305         1.000000          1                    1.000
      306         1.000000          1                    1.000
      307         1.000000          1                    1.000
      308         1.000000          1                    1.000
      309         1.000000          1                    1.000
      310         1.000000          1                    1.000
      311         1.000000          1                    1.000
      312         1.000000          1                    1.000
      313         1.000000          1                    1.000
      314         1.000000          1                    1.000
      315         1.000000          1                    1.000
      316         1.000000          1                    1.000
      317         1.000000          1                    1.000
      318         1.000000          1                    1.000
      319         1.000000          1                    1.000
      320         1.000000          1                    1.000
      321         1.000000          1                    1.000
      322         1.000000          1                    1.000
      323         1.000000          1                    1.000
      324         1.000000          1                    1.000
      325         1.000000          1                    1.000
      326         1.000000          1                    1.000
      327         1.000000          1                    1.000
      328         1.000000          1                    1.000
      329         1.000000          1                    1.000
      330         1.000000          1                    1.000
      331         1.000000          1                    1.000
      332         1.000000          1                    1.000
      333         1.000000          1                    1.000
      334         1.000000          1                    1.000
      335         1.000000          1                    1.000
      336         1.000000          1                    1.000
      337         1.000000          1                    1.000
      338         1.000000          1                    1.000
      339         1.000000          1                    1.000
      340         1.000000          1                    1.000
      341         1.000000          1                    1.000
      342         1.000000          1                    1.000
      343         1.000000          1                    1.000
      344         1.000000          1                    1.000
      345         1.000000          1                    1.000
      346         1.000000          1                    1.000
      347         1.000000          1                    1.000
      348         1.000000          1                    1.000
      349         1.000000          1                    1.000
      350         1.000000          1                    1.000
      351         1.000000          1                    1.000
      352         1.000000          1                    1.000
      353         1.000000          1                    1.000
      354         1.000000          1                    1.000
      355         1.000000          1                    1.000
      356         1.000000          1                    1.000
      357         1.000000          1                    1.000
      358         1.000000          1                    1.000
      359         1.000000          1                    1.000
      360         1.000000          1                    1.000
      361         1.000000          1                    1.000
      362         1.000000          1                    1.000
      363         1.000000          1                    1.000
      364         1.000000          1                    1.000
      365         1.000000          1                    1.000
      366         1.000000          1                    1.000
      367         1.000000          1                    1.000
      368         1.000000          1                    1.000
      369         1.000000          1                    1.000
      370         1.000000          1                    1.000
      371         1.000000          1                    1.000
      372         1.000000          1                    1.000
      373         1.000000          1                    1.000
      374         1.000000          1                    1.000
      375         1.000000          1                    1.000
      376         1.000000          1                    1.000
      377         1.000000          1                    1.000
      378         1.000000          1                    1.000
      379         1.000000          1                    1.000
      380         1.000000          1                    1.000
      381         1.000000          1                    1.000
      382         1.000000          1                    1.000
      383         1.000000          1                    1.000
      384         1.000000          1                    1.000
      385         1.000000          1                    1.000
      386         1.000000          1                    1.000
      387         1.000000          1                    1.000
      388         1.000000          1                    1.000
      389         1.000000          1                    1.000
      390         1.000000          1                    1.000
      391         1.000000          1                    1.000
      392         1.000000          1                    1.000
      393         1.000000          1                    1.000
      394         1.000000          1                    1.000
      395         1.000000          1                    1.000
      396         1.000000          1                    1.000
      397         1.000000          1                    1.000
      398         1.000000          1                    1.000
      399         1.000000          1                    1.000
      400         1.000000          1                    1.000
      401         1.000000          1                    1.000
      402         1.000000          1                    1.000
      403         1.000000          1                    1.000
      404         1.000000          1                    1.000
      405         1.000000          1                    1.000
      406         1.000000          1                    1.000
      407         1.000000          1                    1.000
      408         1.000000          1                    1.000
      409         1.000000          1                    1.000
      410         1.000000          1                    1.000
      411         1.000000          1                    1.000
      412         1.000000          1                    1.000
      413         1.000000          1                    1.000
      414         1.000000          1                    1.000
      415         1.000000          1                    1.000
      416         1.000000          1                    1.000
      417         1.000000          1                    1.000
      418         1.000000          1                    1.000
      419         1.000000          1                    1.000
      420         1.000000          1                    1.000
      421         1.000000          1                    1.000
      422         1.000000          1                    1.000
      423         1.000000          1                    1.000
      424         1.000000          1                    1.000
      425         1.000000          1                    1.000
      426         1.000000          1                    1.000
      427         1.000000          1                    1.000
      428         1.000000          1                    1.000
      429         1.000000          1                    1.000
      430         1.000000          1                    1.000
      431         1.000000          1                    1.000
      432         1.000000          1                    1.000
      433         1.000000          1                    1.000
      434         1.000000          1                    1.000
      435         1.000000          1                    1.000
      436         1.000000          1                    1.000
      437         1.000000          1                    1.000
      438         1.000000          1                    1.000
      439         1.000000          1                    1.000
      440         1.000000          1                    1.000
      441         1.000000          1                    1.000
      442         1.000000          1                    1.000
      443         1.000000          1                    1.000
      444         1.000000          1                    1.000
      445         1.000000          1                    1.000
      446         1.000000          1                    1.000
      447         1.000000          1                    1.000
      448         1.000000          1                    1.000
      449         1.000000          1                    1.000
      450         1.000000          1                    1.000
      451         1.000000          1                    1.000
      452         1.000000          1                    1.000
      453         1.000000          1                    1.000
      454         1.000000          1                    1.000
      455         1.000000          1                    1.000
      456         1.000000          1                    1.000
      457         1.000000          1                    1.000
      458         1.000000          1                    1.000
      459         1.000000          1                    1.000
      460         1.000000          1                    1.000
      461         1.000000          1                    1.000
      462         1.000000          1                    1.000
      463         1.000000          1                    1.000
      464         1.000000          1                    1.000
      465         1.000000          1                    1.000
      466         1.000000          1                    1.000
      467         1.000000          1                    1.000
      468         1.000000          1                    1.000
      469         1.000000          1                    1.000
      470         1.000000          1                    1.000
      471         1.000000          1                    1.000
      472         1.000000          1                    1.000
      473         1.000000          1                    1.000
      474         1.000000          1                    1.000
      475         1.000000          1                    1.000
      476         1.000000          1                    1.000
      477         1.000000          1                    1.000
      478         1.000000          1                    1.000
      479         1.000000          1                    1.000
      480         1.000000          1                    1.000
      481         1.000000          1                    1.000
      482         1.000000          1                    1.000
      483         1.000000          1                    1.000
      484         1.000000          1                    1.000
      485         1.000000          1                    1.000
      486         1.000000          1                    1.000
      487         1.000000          1                    1.000
      488         1.000000          1                    1.000
      489         1.000000          1                    1.000
      490         1.000000          1                    1.000
      491         1.000000          1                    1.000
      492         1.000000          1                    1.000
      493         1.000000          1                    1.000
      494         1.000000          1                    1.000
      495         1.000000          1                    1.000
      496         1.000000          1                    1.000
      497         1.000000          1                    1.000
      498         1.000000          1                    1.000
      499         1.000000          1                    1.000
      500         1.000000          1                    1.000
 END OF TDIS PERIODDATA
 END OF SIMULATION TIMING

 READING SIMULATION MODELS
    GWF6 model 1 will be created
 END OF SIMULATION MODELS

 READING SIMULATION EXCHANGES
 END OF SIMULATION EXCHANGES

 READING SOLUTIONGROUP

 Creating solution: SLN_1           

 OPENED model.ims
 FILE TYPE:IMS   UNIT 1015   STATUS:OLD                 
 FORMAT:FORMATTED              ACCESS:SEQUENTIAL          
 ACTION:READ                

 END OF SOLUTIONGROUP

PROCESSING MODEL CONNECTIONS

 IMS -- ITERATIVE MODEL SOLUTION PACKAGE, VERSION 6, 4/28/2017
         INPUT READ FROM UNIT 1015
 # File written with iMOD Python version: 1.0.0rc5

 PROCESSING IMS OPTIONS
 END OF IMS OPTIONS

 PROCESSING IMS NONLINEAR
 END OF IMS NONLINEAR DATA
 **UNDER-RELAXATION WILL BE USED***
 

 PROCESSING LINEAR DATA
 END OF LINEAR DATA
 ***IMS LINEAR SOLVER WILL BE USED***

 IMSLINEAR -- UNSTRUCTURED LINEAR SOLUTION PACKAGE, VERSION 8, 04/28/2017
 An asymmetric matrix will be solved

 OUTER ITERATION CONVERGENCE CRITERION    (DVCLOSE) =    0.100000E-02
 MAXIMUM NUMBER OF OUTER ITERATIONS        (MXITER) = 150
 SOLVER PRINTOUT INDEX                     (IPRIMS) = 1
 NONLINEAR ITERATION METHOD            (NONLINMETH) = 3
 LINEAR SOLUTION METHOD                   (LINMETH) = 1
 UNDER-RELAXATION WEIGHT REDUCTION FACTOR   (THETA) =    0.900000E+00
 UNDER-RELAXATION WEIGHT INCREASE INCREMENT (KAPPA) =    0.100000E-03
 UNDER-RELAXATION PREVIOUS HISTORY FACTOR   (GAMMA) =    0.000000E+00
 UNDER-RELAXATION MOMENTUM TERM         (AMOMENTUM) =    0.000000E+00

       SOLUTION BY THE BICONJUGATE-GRADIENT STABILIZED METHOD
 ------------------------------------------------------------------
 MAXIMUM OF 150 CALLS OF SOLUTION ROUTINE
 MAXIMUM OF 30 INTERNAL ITERATIONS PER CALL TO SOLUTION ROUTINE
 LINEAR ACCELERATION METHOD            = BCGS      
 MATRIX PRECONDITIONING TYPE           = MOD. INCOMPLETE LU  
 MATRIX SCALING APPROACH               = NO SCALING          
 MATRIX REORDERING APPROACH            = ORIGINAL ORDERING        
 NUMBER OF ORTHOGONALIZATIONS          = 0
 HEAD CHANGE CRITERION FOR CLOSURE     =    0.10000E-02
 RESIDUAL CHANGE CRITERION FOR CLOSURE =    0.10000E+02
 RESIDUAL CONVERGENCE OPTION           = 1
 RESIDUAL CONVERGENCE NORM             = INFINITY NORM S 
 RELAXATION FACTOR                     =    0.97000E+00



 
    Solving:  Stress period:     1    Time step:     1
 
1
 STRESS PERIOD NO. 1, LENGTH =   1.000000    
 ------------------------------------------
 NUMBER OF TIME STEPS = 1
 MULTIPLIER FOR DELT =     1.000
 INITIAL TIME STEP SIZE =   1.000000    

 SLN_1 OUTER ITERATION SUMMARY
 ----------------------------------------------------------------------------------------------------------
                                OUTER      INNER                    STEP   MAXIMUM CHANGE MODEL-(CELLID) OR
 OUTER ITERATION STEP       ITERATION  ITERATION  MAXIMUM CHANGE SUCCESS             MODEL-PACKAGE-(NUMBER)
 ----------------------------------------------------------------------------------------------------------
 Model                              1          1  5.13838796E-04       *                      1_GWF-(1,1,1)
 ----------------------------------------------------------------------------------------------------------


 1 CALLS TO NUMERICAL SOLUTION IN TIME STEP 1 STRESS PERIOD 1
 1 TOTAL ITERATIONS
 
    Solving:  Stress period:     2    Time step:     1
 
1
 STRESS PERIOD NO. 2, LENGTH =   1.000000    
 ------------------------------------------
 NUMBER OF TIME STEPS = 1
 MULTIPLIER FOR DELT =     1.000
 INITIAL TIME STEP SIZE =   1.000000    

 SLN_1 OUTER ITERATION SUMMARY
 ----------------------------------------------------------------------------------------------------------
                                OUTER      INNER                    STEP   MAXIMUM CHANGE MODEL-(CELLID) OR
 OUTER ITERATION STEP       ITERATION  ITERATION  MAXIMUM CHANGE SUCCESS             MODEL-PACKAGE-(NUMBER)
 ----------------------------------------------------------------------------------------------------------
 Model                              1          1  5.13577706E-04       *                      1_GWF-(1,1,1)
 ----------------------------------------------------------------------------------------------------------


 1 CALLS TO NUMERICAL SOLUTION IN TIME STEP 1 STRESS PERIOD 2
 1 TOTAL ITERATIONS
 
    Solving:  Stress period:     3    Time step:     1
 
1
 STRESS PERIOD NO. 3, LENGTH =   1.000000    
 ------------------------------------------
 NUMBER OF TIME STEPS = 1
 MULTIPLIER FOR DELT =     1.000
 INITIAL TIME STEP SIZE =   1.000000    

 SLN_1 OUTER ITERATION SUMMARY
 ----------------------------------------------------------------------------------------------------------
                                OUTER      INNER                    STEP   MAXIMUM CHANGE MODEL-(CELLID) OR
 OUTER ITERATION STEP       ITERATION  ITERATION  MAXIMUM CHANGE SUCCESS             MODEL-PACKAGE-(NUMBER)
 ----------------------------------------------------------------------------------------------------------
 Model                              1          1  5.11472731E-04       *                      1_GWF-(1,1,1)
 ----------------------------------------------------------------------------------------------------------


 1 CALLS TO NUMERICAL SOLUTION IN TIME STEP 1 STRESS PERIOD 3
 1 TOTAL ITERATIONS
 
    Solving:  Stress period:     4    Time step:     1
 
1
 STRESS PERIOD NO. 4, LENGTH =   1.000000    
 ------------------------------------------
 NUMBER OF TIME STEPS = 1
 MULTIPLIER FOR DELT =     1.000
 INITIAL TIME STEP SIZE =   1.000000    

 SLN_1 OUTER ITERATION SUMMARY
 ----------------------------------------------------------------------------------------------------------
                                OUTER      INNER                    STEP   MAXIMUM CHANGE MODEL-(CELLID) OR
 OUTER ITERATION STEP       ITERATION  ITERATION  MAXIMUM CHANGE SUCCESS             MODEL-PACKAGE-(NUMBER)
 ----------------------------------------------------------------------------------------------------------
 Model                              1          1  5.09527409E-04       *                      1_GWF-(1,1,1)
 ----------------------------------------------------------------------------------------------------------


 1 CALLS TO NUMERICAL SOLUTION IN TIME STEP 1 STRESS PERIOD 4
 1 TOTAL ITERATIONS
 
    Solving:  Stress period:     5    Time step:     1
 
1
 STRESS PERIOD NO. 5, LENGTH =   1.000000    
 ------------------------------------------
 NUMBER OF TIME STEPS = 1
 MULTIPLIER FOR DELT =     1.000
 INITIAL TIME STEP SIZE =   1.000000    

 SLN_1 OUTER ITERATION SUMMARY
 ----------------------------------------------------------------------------------------------------------
                                OUTER      INNER                    STEP   MAXIMUM CHANGE MODEL-(CELLID) OR
 OUTER ITERATION STEP       ITERATION  ITERATION  MAXIMUM CHANGE SUCCESS             MODEL-PACKAGE-(NUMBER)
 ----------------------------------------------------------------------------------------------------------
 Model                              1          1  5.07926834E-04       *                      1_GWF-(1,1,1)
 ----------------------------------------------------------------------------------------------------------


 1 CALLS TO NUMERICAL SOLUTION IN TIME STEP 1 STRESS PERIOD 5
 1 TOTAL ITERATIONS
 
    Solving:  Stress period:     6    Time step:     1
 
1
 STRESS PERIOD NO. 6, LENGTH =   1.000000    
 ------------------------------------------
 NUMBER OF TIME STEPS = 1
 MULTIPLIER FOR DELT =     1.000
 INITIAL TIME STEP SIZE =   1.000000    

 SLN_1 OUTER ITERATION SUMMARY
 ----------------------------------------------------------------------------------------------------------
                                OUTER      INNER                    STEP   MAXIMUM CHANGE MODEL-(CELLID) OR
 OUTER ITERATION STEP       ITERATION  ITERATION  MAXIMUM CHANGE SUCCESS             MODEL-PACKAGE-(NUMBER)
 ----------------------------------------------------------------------------------------------------------
 Model                              1          1  5.06655099E-04       *                      1_GWF-(1,1,1)
 ----------------------------------------------------------------------------------------------------------


 1 CALLS TO NUMERICAL SOLUTION IN TIME STEP 1 STRESS PERIOD 6
 1 TOTAL ITERATIONS
 
    Solving:  Stress period:     7    Time step:     1
 
1
 STRESS PERIOD NO. 7, LENGTH =   1.000000    
 ------------------------------------------
 NUMBER OF TIME STEPS = 1
 MULTIPLIER FOR DELT =     1.000
 INITIAL TIME STEP SIZE =   1.000000    

 SLN_1 OUTER ITERATION SUMMARY
 ----------------------------------------------------------------------------------------------------------
                                OUTER      INNER                    STEP   MAXIMUM CHANGE MODEL-(CELLID) OR
 OUTER ITERATION STEP       ITERATION  ITERATION  MAXIMUM CHANGE SUCCESS             MODEL-PACKAGE-(NUMBER)
 ----------------------------------------------------------------------------------------------------------
 Model                              1          1  5.05734992E-04       *                      1_GWF-(1,1,1)
 ----------------------------------------------------------------------------------------------------------


 1 CALLS TO NUMERICAL SOLUTION IN TIME STEP 1 STRESS PERIOD 7
 1 TOTAL ITERATIONS
 
    Solving:  Stress period:     8    Time step:     1
 
1
 STRESS PERIOD NO. 8, LENGTH =   1.000000    
 ------------------------------------------
 NUMBER OF TIME STEPS = 1
 MULTIPLIER FOR DELT =     1.000
 INITIAL TIME STEP SIZE =   1.000000    

 SLN_1 OUTER ITERATION SUMMARY
 ----------------------------------------------------------------------------------------------------------
                                OUTER      INNER                    STEP   MAXIMUM CHANGE MODEL-(CELLID) OR
 OUTER ITERATION STEP       ITERATION  ITERATION  MAXIMUM CHANGE SUCCESS             MODEL-PACKAGE-(NUMBER)
 ----------------------------------------------------------------------------------------------------------
 Model                              1          1  5.05571453E-04       *                      1_GWF-(1,1,1)
 ----------------------------------------------------------------------------------------------------------


 1 CALLS TO NUMERICAL SOLUTION IN TIME STEP 1 STRESS PERIOD 8
 1 TOTAL ITERATIONS
 
    Solving:  Stress period:     9    Time step:     1
 
1
 STRESS PERIOD NO. 9, LENGTH =   1.000000    
 ------------------------------------------
 NUMBER OF TIME STEPS = 1
 MULTIPLIER FOR DELT =     1.000
 INITIAL TIME STEP SIZE =   1.000000    

 SLN_1 OUTER ITERATION SUMMARY
 ----------------------------------------------------------------------------------------------------------
                                OUTER      INNER                    STEP   MAXIMUM CHANGE MODEL-(CELLID) OR
 OUTER ITERATION STEP       ITERATION  ITERATION  MAXIMUM CHANGE SUCCESS             MODEL-PACKAGE-(NUMBER)
 ----------------------------------------------------------------------------------------------------------
 Model                              1          1  5.06070449E-04       *                      1_GWF-(1,1,1)
 ----------------------------------------------------------------------------------------------------------


 1 CALLS TO NUMERICAL SOLUTION IN TIME STEP 1 STRESS PERIOD 9
 1 TOTAL ITERATIONS
 
    Solving:  Stress period:    10    Time step:     1
 
1
 STRESS PERIOD NO. 10, LENGTH =   1.000000    
 ------------------------------------------
 NUMBER OF TIME STEPS = 1
 MULTIPLIER FOR DELT =     1.000
 INITIAL TIME STEP SIZE =   1.000000    

 SLN_1 OUTER ITERATION SUMMARY
 ----------------------------------------------------------------------------------------------------------
                                OUTER      INNER                    STEP   MAXIMUM CHANGE MODEL-(CELLID) OR
 OUTER ITERATION STEP       ITERATION  ITERATION  MAXIMUM CHANGE SUCCESS             MODEL-PACKAGE-(NUMBER)
 ----------------------------------------------------------------------------------------------------------
 Model                              1          1  5.06943038E-04       *                      1_GWF-(1,1,1)
 ----------------------------------------------------------------------------------------------------------


 1 CALLS TO NUMERICAL SOLUTION IN TIME STEP 1 STRESS PERIOD 10
 1 TOTAL ITERATIONS
 
    Solving:  Stress period:    11    Time step:     1
 
1
 STRESS PERIOD NO. 11, LENGTH =   1.000000    
 ------------------------------------------
 NUMBER OF TIME STEPS = 1
 MULTIPLIER FOR DELT =     1.000
 INITIAL TIME STEP SIZE =   1.000000    

 SLN_1 OUTER ITERATION SUMMARY
 ----------------------------------------------------------------------------------------------------------
                                OUTER      INNER                    STEP   MAXIMUM CHANGE MODEL-(CELLID) OR
 OUTER ITERATION STEP       ITERATION  ITERATION  MAXIMUM CHANGE SUCCESS             MODEL-PACKAGE-(NUMBER)
 ----------------------------------------------------------------------------------------------------------
 Model                              1          1  5.09067745E-04       *                      1_GWF-(1,1,1)
 ----------------------------------------------------------------------------------------------------------


 1 CALLS TO NUMERICAL SOLUTION IN TIME STEP 1 STRESS PERIOD 11
 1 TOTAL ITERATIONS
 
    Solving:  Stress period:    12    Time step:     1
 
1
 STRESS PERIOD NO. 12, LENGTH =   1.000000    
 ------------------------------------------
 NUMBER OF TIME STEPS = 1
 MULTIPLIER FOR DELT =     1.000
 INITIAL TIME STEP SIZE =   1.000000    

 SLN_1 OUTER ITERATION SUMMARY
 ----------------------------------------------------------------------------------------------------------
                                OUTER      INNER                    STEP   MAXIMUM CHANGE MODEL-(CELLID) OR
 OUTER ITERATION STEP       ITERATION  ITERATION  MAXIMUM CHANGE SUCCESS             MODEL-PACKAGE-(NUMBER)
 ----------------------------------------------------------------------------------------------------------
 Model                              1          1  5.11861562E-04       *                      1_GWF-(1,1,1)
 ----------------------------------------------------------------------------------------------------------


 1 CALLS TO NUMERICAL SOLUTION IN TIME STEP 1 STRESS PERIOD 12
 1 TOTAL ITERATIONS
 
    Solving:  Stress period:    13    Time step:     1
 
1
 STRESS PERIOD NO. 13, LENGTH =   1.000000    
 ------------------------------------------
 NUMBER OF TIME STEPS = 1
 MULTIPLIER FOR DELT =     1.000
 INITIAL TIME STEP SIZE =   1.000000    

 SLN_1 OUTER ITERATION SUMMARY
 ----------------------------------------------------------------------------------------------------------
                                OUTER      INNER                    STEP   MAXIMUM CHANGE MODEL-(CELLID) OR
 OUTER ITERATION STEP       ITERATION  ITERATION  MAXIMUM CHANGE SUCCESS             MODEL-PACKAGE-(NUMBER)
 ----------------------------------------------------------------------------------------------------------
 Model                              1          1  5.15914073E-04       *                      1_GWF-(1,1,1)
 ----------------------------------------------------------------------------------------------------------


 1 CALLS TO NUMERICAL SOLUTION IN TIME STEP 1 STRESS PERIOD 13
 1 TOTAL ITERATIONS
 
    Solving:  Stress period:    14    Time step:     1
 
1
 STRESS PERIOD NO. 14, LENGTH =   1.000000    
 ------------------------------------------
 NUMBER OF TIME STEPS = 1
 MULTIPLIER FOR DELT =     1.000
 INITIAL TIME STEP SIZE =   1.000000    

 SLN_1 OUTER ITERATION SUMMARY
 ----------------------------------------------------------------------------------------------------------
                                OUTER      INNER                    STEP   MAXIMUM CHANGE MODEL-(CELLID) OR
 OUTER ITERATION STEP       ITERATION  ITERATION  MAXIMUM CHANGE SUCCESS             MODEL-PACKAGE-(NUMBER)
 ----------------------------------------------------------------------------------------------------------
 Model                              1          1  5.20935712E-04       *                      1_GWF-(1,1,1)
 ----------------------------------------------------------------------------------------------------------


 1 CALLS TO NUMERICAL SOLUTION IN TIME STEP 1 STRESS PERIOD 14
 1 TOTAL ITERATIONS
 
    Solving:  Stress period:    15    Time step:     1
 
1
 STRESS PERIOD NO. 15, LENGTH =   1.000000    
 ------------------------------------------
 NUMBER OF TIME STEPS = 1
 MULTIPLIER FOR DELT =     1.000
 INITIAL TIME STEP SIZE =   1.000000    

 SLN_1 OUTER ITERATION SUMMARY
 ----------------------------------------------------------------------------------------------------------
                                OUTER      INNER                    STEP   MAXIMUM CHANGE MODEL-(CELLID) OR
 OUTER ITERATION STEP       ITERATION  ITERATION  MAXIMUM CHANGE SUCCESS             MODEL-PACKAGE-(NUMBER)
 ----------------------------------------------------------------------------------------------------------
 Model                              1          1  5.27226036E-04       *                      1_GWF-(1,1,1)
 ----------------------------------------------------------------------------------------------------------


 1 CALLS TO NUMERICAL SOLUTION IN TIME STEP 1 STRESS PERIOD 15
 1 TOTAL ITERATIONS
 
    Solving:  Stress period:    16    Time step:     1
 
1
 STRESS PERIOD NO. 16, LENGTH =   1.000000    
 ------------------------------------------
 NUMBER OF TIME STEPS = 1
 MULTIPLIER FOR DELT =     1.000
 INITIAL TIME STEP SIZE =   1.000000    

 SLN_1 OUTER ITERATION SUMMARY
 ----------------------------------------------------------------------------------------------------------
                                OUTER      INNER                    STEP   MAXIMUM CHANGE MODEL-(CELLID) OR
 OUTER ITERATION STEP       ITERATION  ITERATION  MAXIMUM CHANGE SUCCESS             MODEL-PACKAGE-(NUMBER)
 ----------------------------------------------------------------------------------------------------------
 Model                              1          1  5.35452836E-04       *                      1_GWF-(1,1,1)
 ----------------------------------------------------------------------------------------------------------


 1 CALLS TO NUMERICAL SOLUTION IN TIME STEP 1 STRESS PERIOD 16
 1 TOTAL ITERATIONS
 
    Solving:  Stress period:    17    Time step:     1
 
1
 STRESS PERIOD NO. 17, LENGTH =   1.000000    
 ------------------------------------------
 NUMBER OF TIME STEPS = 1
 MULTIPLIER FOR DELT =     1.000
 INITIAL TIME STEP SIZE =   1.000000    

 SLN_1 OUTER ITERATION SUMMARY
 ----------------------------------------------------------------------------------------------------------
                                OUTER      INNER                    STEP   MAXIMUM CHANGE MODEL-(CELLID) OR
 OUTER ITERATION STEP       ITERATION  ITERATION  MAXIMUM CHANGE SUCCESS             MODEL-PACKAGE-(NUMBER)
 ----------------------------------------------------------------------------------------------------------
 Model                              1          1  5.47136906E-04       *                      1_GWF-(1,1,1)
 ----------------------------------------------------------------------------------------------------------


 1 CALLS TO NUMERICAL SOLUTION IN TIME STEP 1 STRESS PERIOD 17
 1 TOTAL ITERATIONS
 
    Solving:  Stress period:    18    Time step:     1
 
1
 STRESS PERIOD NO. 18, LENGTH =   1.000000    
 ------------------------------------------
 NUMBER OF TIME STEPS = 1
 MULTIPLIER FOR DELT =     1.000
 INITIAL TIME STEP SIZE =   1.000000    

 SLN_1 OUTER ITERATION SUMMARY
 ----------------------------------------------------------------------------------------------------------
                                OUTER      INNER                    STEP   MAXIMUM CHANGE MODEL-(CELLID) OR
 OUTER ITERATION STEP       ITERATION  ITERATION  MAXIMUM CHANGE SUCCESS             MODEL-PACKAGE-(NUMBER)
 ----------------------------------------------------------------------------------------------------------
 Model                              1          1  5.62720621E-04       *                      1_GWF-(1,1,1)
 ----------------------------------------------------------------------------------------------------------


 1 CALLS TO NUMERICAL SOLUTION IN TIME STEP 1 STRESS PERIOD 18
 1 TOTAL ITERATIONS
 
    Solving:  Stress period:    19    Time step:     1
 
1
 STRESS PERIOD NO. 19, LENGTH =   1.000000    
 ------------------------------------------
 NUMBER OF TIME STEPS = 1
 MULTIPLIER FOR DELT =     1.000
 INITIAL TIME STEP SIZE =   1.000000    

 SLN_1 OUTER ITERATION SUMMARY
 ----------------------------------------------------------------------------------------------------------
                                OUTER      INNER                    STEP   MAXIMUM CHANGE MODEL-(CELLID) OR
 OUTER ITERATION STEP       ITERATION  ITERATION  MAXIMUM CHANGE SUCCESS             MODEL-PACKAGE-(NUMBER)
 ----------------------------------------------------------------------------------------------------------
 Model                              1          1  5.82531705E-04       *                      1_GWF-(1,1,1)
 ----------------------------------------------------------------------------------------------------------


 1 CALLS TO NUMERICAL SOLUTION IN TIME STEP 1 STRESS PERIOD 19
 1 TOTAL ITERATIONS
 
    Solving:  Stress period:    20    Time step:     1
 
1
 STRESS PERIOD NO. 20, LENGTH =   1.000000    
 ------------------------------------------
 NUMBER OF TIME STEPS = 1
 MULTIPLIER FOR DELT =     1.000
 INITIAL TIME STEP SIZE =   1.000000    

 SLN_1 OUTER ITERATION SUMMARY
 ----------------------------------------------------------------------------------------------------------
                                OUTER      INNER                    STEP   MAXIMUM CHANGE MODEL-(CELLID) OR
 OUTER ITERATION STEP       ITERATION  ITERATION  MAXIMUM CHANGE SUCCESS             MODEL-PACKAGE-(NUMBER)
 ----------------------------------------------------------------------------------------------------------
 Model                              1          1  6.07124032E-04       *                      1_GWF-(1,1,1)
 ----------------------------------------------------------------------------------------------------------


 1 CALLS TO NUMERICAL SOLUTION IN TIME STEP 1 STRESS PERIOD 20
 1 TOTAL ITERATIONS
 
    Solving:  Stress period:    21    Time step:     1
 
1
 STRESS PERIOD NO. 21, LENGTH =   1.000000    
 ------------------------------------------
 NUMBER OF TIME STEPS = 1
 MULTIPLIER FOR DELT =     1.000
 INITIAL TIME STEP SIZE =   1.000000    

 SLN_1 OUTER ITERATION SUMMARY
 ----------------------------------------------------------------------------------------------------------
                                OUTER      INNER                    STEP   MAXIMUM CHANGE MODEL-(CELLID) OR
 OUTER ITERATION STEP       ITERATION  ITERATION  MAXIMUM CHANGE SUCCESS             MODEL-PACKAGE-(NUMBER)
 ----------------------------------------------------------------------------------------------------------
 Model                              1          1  6.36570889E-04       *                      1_GWF-(1,1,1)
 ----------------------------------------------------------------------------------------------------------


 1 CALLS TO NUMERICAL SOLUTION IN TIME STEP 1 STRESS PERIOD 21
 1 TOTAL ITERATIONS
 
    Solving:  Stress period:    22    Time step:     1
 
1
 STRESS PERIOD NO. 22, LENGTH =   1.000000    
 ------------------------------------------
 NUMBER OF TIME STEPS = 1
 MULTIPLIER FOR DELT =     1.000
 INITIAL TIME STEP SIZE =   1.000000    

 SLN_1 OUTER ITERATION SUMMARY
 ----------------------------------------------------------------------------------------------------------
                                OUTER      INNER                    STEP   MAXIMUM CHANGE MODEL-(CELLID) OR
 OUTER ITERATION STEP       ITERATION  ITERATION  MAXIMUM CHANGE SUCCESS             MODEL-PACKAGE-(NUMBER)
 ----------------------------------------------------------------------------------------------------------
 Model                              1          1  6.71109721E-04       *                      1_GWF-(1,1,1)
 ----------------------------------------------------------------------------------------------------------


 1 CALLS TO NUMERICAL SOLUTION IN TIME STEP 1 STRESS PERIOD 22
 1 TOTAL ITERATIONS
 
    Solving:  Stress period:    23    Time step:     1
 
1
 STRESS PERIOD NO. 23, LENGTH =   1.000000    
 ------------------------------------------
 NUMBER OF TIME STEPS = 1
 MULTIPLIER FOR DELT =     1.000
 INITIAL TIME STEP SIZE =   1.000000    

 SLN_1 OUTER ITERATION SUMMARY
 ----------------------------------------------------------------------------------------------------------
                                OUTER      INNER                    STEP   MAXIMUM CHANGE MODEL-(CELLID) OR
 OUTER ITERATION STEP       ITERATION  ITERATION  MAXIMUM CHANGE SUCCESS             MODEL-PACKAGE-(NUMBER)
 ----------------------------------------------------------------------------------------------------------
 Model                              1          1  7.11295260E-04       *                      1_GWF-(1,1,1)
 ----------------------------------------------------------------------------------------------------------


 1 CALLS TO NUMERICAL SOLUTION IN TIME STEP 1 STRESS PERIOD 23
 1 TOTAL ITERATIONS
 
    Solving:  Stress period:    24    Time step:     1
 
1
 STRESS PERIOD NO. 24, LENGTH =   1.000000    
 ------------------------------------------
 NUMBER OF TIME STEPS = 1
 MULTIPLIER FOR DELT =     1.000
 INITIAL TIME STEP SIZE =   1.000000    

 SLN_1 OUTER ITERATION SUMMARY
 ----------------------------------------------------------------------------------------------------------
                                OUTER      INNER                    STEP   MAXIMUM CHANGE MODEL-(CELLID) OR
 OUTER ITERATION STEP       ITERATION  ITERATION  MAXIMUM CHANGE SUCCESS             MODEL-PACKAGE-(NUMBER)
 ----------------------------------------------------------------------------------------------------------
 Model                              1          1  7.56644960E-04       *                      1_GWF-(1,1,1)
 ----------------------------------------------------------------------------------------------------------


 1 CALLS TO NUMERICAL SOLUTION IN TIME STEP 1 STRESS PERIOD 24
 1 TOTAL ITERATIONS
 
    Solving:  Stress period:    25    Time step:     1
 
1
 STRESS PERIOD NO. 25, LENGTH =   1.000000    
 ------------------------------------------
 NUMBER OF TIME STEPS = 1
 MULTIPLIER FOR DELT =     1.000
 INITIAL TIME STEP SIZE =   1.000000    

 SLN_1 OUTER ITERATION SUMMARY
 ----------------------------------------------------------------------------------------------------------
                                OUTER      INNER                    STEP   MAXIMUM CHANGE MODEL-(CELLID) OR
 OUTER ITERATION STEP       ITERATION  ITERATION  MAXIMUM CHANGE SUCCESS             MODEL-PACKAGE-(NUMBER)
 ----------------------------------------------------------------------------------------------------------
 Model                              1          1  8.10983022E-04       *                      1_GWF-(1,1,1)
 ----------------------------------------------------------------------------------------------------------


 1 CALLS TO NUMERICAL SOLUTION IN TIME STEP 1 STRESS PERIOD 25
 1 TOTAL ITERATIONS
 
    Solving:  Stress period:    26    Time step:     1
 
1
 STRESS PERIOD NO. 26, LENGTH =   1.000000    
 ------------------------------------------
 NUMBER OF TIME STEPS = 1
 MULTIPLIER FOR DELT =     1.000
 INITIAL TIME STEP SIZE =   1.000000    

 SLN_1 OUTER ITERATION SUMMARY
 ----------------------------------------------------------------------------------------------------------
                                OUTER      INNER                    STEP   MAXIMUM CHANGE MODEL-(CELLID) OR
 OUTER ITERATION STEP       ITERATION  ITERATION  MAXIMUM CHANGE SUCCESS             MODEL-PACKAGE-(NUMBER)
 ----------------------------------------------------------------------------------------------------------
 Model                              1          1  8.77897614E-04       *                      1_GWF-(1,1,1)
 ----------------------------------------------------------------------------------------------------------


 1 CALLS TO NUMERICAL SOLUTION IN TIME STEP 1 STRESS PERIOD 26
 1 TOTAL ITERATIONS
 
    Solving:  Stress period:    27    Time step:     1
 
1
 STRESS PERIOD NO. 27, LENGTH =   1.000000    
 ------------------------------------------
 NUMBER OF TIME STEPS = 1
 MULTIPLIER FOR DELT =     1.000
 INITIAL TIME STEP SIZE =   1.000000    

 SLN_1 OUTER ITERATION SUMMARY
 ----------------------------------------------------------------------------------------------------------
                                OUTER      INNER                    STEP   MAXIMUM CHANGE MODEL-(CELLID) OR
 OUTER ITERATION STEP       ITERATION  ITERATION  MAXIMUM CHANGE SUCCESS             MODEL-PACKAGE-(NUMBER)
 ----------------------------------------------------------------------------------------------------------
 Model                              1          1  9.55468954E-04       *                      1_GWF-(1,1,1)
 ----------------------------------------------------------------------------------------------------------


 1 CALLS TO NUMERICAL SOLUTION IN TIME STEP 1 STRESS PERIOD 27
 1 TOTAL ITERATIONS
 
    Solving:  Stress period:    28    Time step:     1
 
1
 STRESS PERIOD NO. 28, LENGTH =   1.000000    
 ------------------------------------------
 NUMBER OF TIME STEPS = 1
 MULTIPLIER FOR DELT =     1.000
 INITIAL TIME STEP SIZE =   1.000000    

 SLN_1 OUTER ITERATION SUMMARY
 ----------------------------------------------------------------------------------------------------------
                                OUTER      INNER                    STEP   MAXIMUM CHANGE MODEL-(CELLID) OR
 OUTER ITERATION STEP       ITERATION  ITERATION  MAXIMUM CHANGE SUCCESS             MODEL-PACKAGE-(NUMBER)
 ----------------------------------------------------------------------------------------------------------
 Model                              1          2  1.04338806E-03                              1_GWF-(1,1,1)
 Model                              2          1       0.0000000       *                                   
 ----------------------------------------------------------------------------------------------------------


 2 CALLS TO NUMERICAL SOLUTION IN TIME STEP 1 STRESS PERIOD 28
 3 TOTAL ITERATIONS
 
    Solving:  Stress period:    29    Time step:     1
 
1
 STRESS PERIOD NO. 29, LENGTH =   1.000000    
 ------------------------------------------
 NUMBER OF TIME STEPS = 1
 MULTIPLIER FOR DELT =     1.000
 INITIAL TIME STEP SIZE =   1.000000    

 SLN_1 OUTER ITERATION SUMMARY
 ----------------------------------------------------------------------------------------------------------
                                OUTER      INNER                    STEP   MAXIMUM CHANGE MODEL-(CELLID) OR
 OUTER ITERATION STEP       ITERATION  ITERATION  MAXIMUM CHANGE SUCCESS             MODEL-PACKAGE-(NUMBER)
 ----------------------------------------------------------------------------------------------------------
 Model                              1          2  1.14010746E-03                              1_GWF-(1,1,1)
 Model                              2          1       0.0000000       *                                   
 ----------------------------------------------------------------------------------------------------------


 2 CALLS TO NUMERICAL SOLUTION IN TIME STEP 1 STRESS PERIOD 29
 3 TOTAL ITERATIONS
 
    Solving:  Stress period:    30    Time step:     1
 
1
 STRESS PERIOD NO. 30, LENGTH =   1.000000    
 ------------------------------------------
 NUMBER OF TIME STEPS = 1
 MULTIPLIER FOR DELT =     1.000
 INITIAL TIME STEP SIZE =   1.000000    

 SLN_1 OUTER ITERATION SUMMARY
 ----------------------------------------------------------------------------------------------------------
                                OUTER      INNER                    STEP   MAXIMUM CHANGE MODEL-(CELLID) OR
 OUTER ITERATION STEP       ITERATION  ITERATION  MAXIMUM CHANGE SUCCESS             MODEL-PACKAGE-(NUMBER)
 ----------------------------------------------------------------------------------------------------------
 Model                              1          2  1.33364459E-03                              1_GWF-(1,1,1)
 Model                              2          1       0.0000000       *                                   
 ----------------------------------------------------------------------------------------------------------


 2 CALLS TO NUMERICAL SOLUTION IN TIME STEP 1 STRESS PERIOD 30
 3 TOTAL ITERATIONS
 
    Solving:  Stress period:    31    Time step:     1
 
1
 STRESS PERIOD NO. 31, LENGTH =   1.000000    
 ------------------------------------------
 NUMBER OF TIME STEPS = 1
 MULTIPLIER FOR DELT =     1.000
 INITIAL TIME STEP SIZE =   1.000000    

 SLN_1 OUTER ITERATION SUMMARY
 ----------------------------------------------------------------------------------------------------------
                                OUTER      INNER                    STEP   MAXIMUM CHANGE MODEL-(CELLID) OR
 OUTER ITERATION STEP       ITERATION  ITERATION  MAXIMUM CHANGE SUCCESS             MODEL-PACKAGE-(NUMBER)
 ----------------------------------------------------------------------------------------------------------
 Model                              1          2  1.54299798E-03                              1_GWF-(1,1,1)
 Model                              2          1       0.0000000       *                                   
 ----------------------------------------------------------------------------------------------------------


 2 CALLS TO NUMERICAL SOLUTION IN TIME STEP 1 STRESS PERIOD 31
 3 TOTAL ITERATIONS
 
    Solving:  Stress period:    32    Time step:     1
 
1
 STRESS PERIOD NO. 32, LENGTH =   1.000000    
 ------------------------------------------
 NUMBER OF TIME STEPS = 1
 MULTIPLIER FOR DELT =     1.000
 INITIAL TIME STEP SIZE =   1.000000    

 SLN_1 OUTER ITERATION SUMMARY
 ----------------------------------------------------------------------------------------------------------
                                OUTER      INNER                    STEP   MAXIMUM CHANGE MODEL-(CELLID) OR
 OUTER ITERATION STEP       ITERATION  ITERATION  MAXIMUM CHANGE SUCCESS             MODEL-PACKAGE-(NUMBER)
 ----------------------------------------------------------------------------------------------------------
 Model                              1          2  1.75064554E-03                              1_GWF-(1,1,1)
 Model                              2          1       0.0000000       *                                   
 ----------------------------------------------------------------------------------------------------------


 2 CALLS TO NUMERICAL SOLUTION IN TIME STEP 1 STRESS PERIOD 32
 3 TOTAL ITERATIONS
 
    Solving:  Stress period:    33    Time step:     1
 
1
 STRESS PERIOD NO. 33, LENGTH =   1.000000    
 ------------------------------------------
 NUMBER OF TIME STEPS = 1
 MULTIPLIER FOR DELT =     1.000
 INITIAL TIME STEP SIZE =   1.000000    

 SLN_1 OUTER ITERATION SUMMARY
 ----------------------------------------------------------------------------------------------------------
                                OUTER      INNER                    STEP   MAXIMUM CHANGE MODEL-(CELLID) OR
 OUTER ITERATION STEP       ITERATION  ITERATION  MAXIMUM CHANGE SUCCESS             MODEL-PACKAGE-(NUMBER)
 ----------------------------------------------------------------------------------------------------------
 Model                              1          2  1.95198099E-03                              1_GWF-(1,1,1)
 Model                              2          1       0.0000000       *                                   
 ----------------------------------------------------------------------------------------------------------


 2 CALLS TO NUMERICAL SOLUTION IN TIME STEP 1 STRESS PERIOD 33
 3 TOTAL ITERATIONS
 
    Solving:  Stress period:    34    Time step:     1
 
1
 STRESS PERIOD NO. 34, LENGTH =   1.000000    
 ------------------------------------------
 NUMBER OF TIME STEPS = 1
 MULTIPLIER FOR DELT =     1.000
 INITIAL TIME STEP SIZE =   1.000000    

 SLN_1 OUTER ITERATION SUMMARY
 ----------------------------------------------------------------------------------------------------------
                                OUTER      INNER                    STEP   MAXIMUM CHANGE MODEL-(CELLID) OR
 OUTER ITERATION STEP       ITERATION  ITERATION  MAXIMUM CHANGE SUCCESS             MODEL-PACKAGE-(NUMBER)
 ----------------------------------------------------------------------------------------------------------
 Model                              1          2  2.14329100E-03                              1_GWF-(1,1,1)
 Model                              2          1       0.0000000       *                                   
 ----------------------------------------------------------------------------------------------------------


 2 CALLS TO NUMERICAL SOLUTION IN TIME STEP 1 STRESS PERIOD 34
 3 TOTAL ITERATIONS
 
    Solving:  Stress period:    35    Time step:     1
 
1
 STRESS PERIOD NO. 35, LENGTH =   1.000000    
 ------------------------------------------
 NUMBER OF TIME STEPS = 1
 MULTIPLIER FOR DELT =     1.000
 INITIAL TIME STEP SIZE =   1.000000    

 SLN_1 OUTER ITERATION SUMMARY
 ----------------------------------------------------------------------------------------------------------
                                OUTER      INNER                    STEP   MAXIMUM CHANGE MODEL-(CELLID) OR
 OUTER ITERATION STEP       ITERATION  ITERATION  MAXIMUM CHANGE SUCCESS             MODEL-PACKAGE-(NUMBER)
 ----------------------------------------------------------------------------------------------------------
 Model                              1          2  2.32244785E-03                              1_GWF-(1,1,1)
 Model                              2          1       0.0000000       *                                   
 ----------------------------------------------------------------------------------------------------------


 2 CALLS TO NUMERICAL SOLUTION IN TIME STEP 1 STRESS PERIOD 35
 3 TOTAL ITERATIONS
 
    Solving:  Stress period:    36    Time step:     1
 
1
 STRESS PERIOD NO. 36, LENGTH =   1.000000    
 ------------------------------------------
 NUMBER OF TIME STEPS = 1
 MULTIPLIER FOR DELT =     1.000
 INITIAL TIME STEP SIZE =   1.000000    

 SLN_1 OUTER ITERATION SUMMARY
 ----------------------------------------------------------------------------------------------------------
                                OUTER      INNER                    STEP   MAXIMUM CHANGE MODEL-(CELLID) OR
 OUTER ITERATION STEP       ITERATION  ITERATION  MAXIMUM CHANGE SUCCESS             MODEL-PACKAGE-(NUMBER)
 ----------------------------------------------------------------------------------------------------------
 Model                              1          2  2.48816429E-03                              1_GWF-(1,1,1)
 Model                              2          1       0.0000000       *                                   
 ----------------------------------------------------------------------------------------------------------


 2 CALLS TO NUMERICAL SOLUTION IN TIME STEP 1 STRESS PERIOD 36
 3 TOTAL ITERATIONS
 
    Solving:  Stress period:    37    Time step:     1
 
1
 STRESS PERIOD NO. 37, LENGTH =   1.000000    
 ------------------------------------------
 NUMBER OF TIME STEPS = 1
 MULTIPLIER FOR DELT =     1.000
 INITIAL TIME STEP SIZE =   1.000000    

 SLN_1 OUTER ITERATION SUMMARY
 ----------------------------------------------------------------------------------------------------------
                                OUTER      INNER                    STEP   MAXIMUM CHANGE MODEL-(CELLID) OR
 OUTER ITERATION STEP       ITERATION  ITERATION  MAXIMUM CHANGE SUCCESS             MODEL-PACKAGE-(NUMBER)
 ----------------------------------------------------------------------------------------------------------
 Model                              1          2  2.63869416E-03                              1_GWF-(1,1,1)
 Model                              2          1       0.0000000       *                                   
 ----------------------------------------------------------------------------------------------------------


 2 CALLS TO NUMERICAL SOLUTION IN TIME STEP 1 STRESS PERIOD 37
 3 TOTAL ITERATIONS
 
    Solving:  Stress period:    38    Time step:     1
 
1
 STRESS PERIOD NO. 38, LENGTH =   1.000000    
 ------------------------------------------
 NUMBER OF TIME STEPS = 1
 MULTIPLIER FOR DELT =     1.000
 INITIAL TIME STEP SIZE =   1.000000    

 SLN_1 OUTER ITERATION SUMMARY
 ----------------------------------------------------------------------------------------------------------
                                OUTER      INNER                    STEP   MAXIMUM CHANGE MODEL-(CELLID) OR
 OUTER ITERATION STEP       ITERATION  ITERATION  MAXIMUM CHANGE SUCCESS             MODEL-PACKAGE-(NUMBER)
 ----------------------------------------------------------------------------------------------------------
 Model                              1          2  2.77387152E-03                              1_GWF-(1,1,1)
 Model                              2          1       0.0000000       *                                   
 ----------------------------------------------------------------------------------------------------------


 2 CALLS TO NUMERICAL SOLUTION IN TIME STEP 1 STRESS PERIOD 38
 3 TOTAL ITERATIONS
 
    Solving:  Stress period:    39    Time step:     1
 
1
 STRESS PERIOD NO. 39, LENGTH =   1.000000    
 ------------------------------------------
 NUMBER OF TIME STEPS = 1
 MULTIPLIER FOR DELT =     1.000
 INITIAL TIME STEP SIZE =   1.000000    

 SLN_1 OUTER ITERATION SUMMARY
 ----------------------------------------------------------------------------------------------------------
                                OUTER      INNER                    STEP   MAXIMUM CHANGE MODEL-(CELLID) OR
 OUTER ITERATION STEP       ITERATION  ITERATION  MAXIMUM CHANGE SUCCESS             MODEL-PACKAGE-(NUMBER)
 ----------------------------------------------------------------------------------------------------------
 Model                              1          2  2.89310519E-03                              1_GWF-(1,1,1)
 Model                              2          1       0.0000000       *                                   
 ----------------------------------------------------------------------------------------------------------


 2 CALLS TO NUMERICAL SOLUTION IN TIME STEP 1 STRESS PERIOD 39
 3 TOTAL ITERATIONS
 
    Solving:  Stress period:    40    Time step:     1
 
1
 STRESS PERIOD NO. 40, LENGTH =   1.000000    
 ------------------------------------------
 NUMBER OF TIME STEPS = 1
 MULTIPLIER FOR DELT =     1.000
 INITIAL TIME STEP SIZE =   1.000000    

 SLN_1 OUTER ITERATION SUMMARY
 ----------------------------------------------------------------------------------------------------------
                                OUTER      INNER                    STEP   MAXIMUM CHANGE MODEL-(CELLID) OR
 OUTER ITERATION STEP       ITERATION  ITERATION  MAXIMUM CHANGE SUCCESS             MODEL-PACKAGE-(NUMBER)
 ----------------------------------------------------------------------------------------------------------
 Model                              1          2  2.99691172E-03                              1_GWF-(1,1,1)
 Model                              2          1       0.0000000       *                                   
 ----------------------------------------------------------------------------------------------------------


 2 CALLS TO NUMERICAL SOLUTION IN TIME STEP 1 STRESS PERIOD 40
 3 TOTAL ITERATIONS
 
    Solving:  Stress period:    41    Time step:     1
 
1
 STRESS PERIOD NO. 41, LENGTH =   1.000000    
 ------------------------------------------
 NUMBER OF TIME STEPS = 1
 MULTIPLIER FOR DELT =     1.000
 INITIAL TIME STEP SIZE =   1.000000    

 SLN_1 OUTER ITERATION SUMMARY
 ----------------------------------------------------------------------------------------------------------
                                OUTER      INNER                    STEP   MAXIMUM CHANGE MODEL-(CELLID) OR
 OUTER ITERATION STEP       ITERATION  ITERATION  MAXIMUM CHANGE SUCCESS             MODEL-PACKAGE-(NUMBER)
 ----------------------------------------------------------------------------------------------------------
 Model                              1          2  3.09465748E-03                              1_GWF-(1,1,1)
 Model                              2          1       0.0000000       *                                   
 ----------------------------------------------------------------------------------------------------------


 2 CALLS TO NUMERICAL SOLUTION IN TIME STEP 1 STRESS PERIOD 41
 3 TOTAL ITERATIONS
 
    Solving:  Stress period:    42    Time step:     1
 
1
 STRESS PERIOD NO. 42, LENGTH =   1.000000    
 ------------------------------------------
 NUMBER OF TIME STEPS = 1
 MULTIPLIER FOR DELT =     1.000
 INITIAL TIME STEP SIZE =   1.000000    

 SLN_1 OUTER ITERATION SUMMARY
 ----------------------------------------------------------------------------------------------------------
                                OUTER      INNER                    STEP   MAXIMUM CHANGE MODEL-(CELLID) OR
 OUTER ITERATION STEP       ITERATION  ITERATION  MAXIMUM CHANGE SUCCESS             MODEL-PACKAGE-(NUMBER)
 ----------------------------------------------------------------------------------------------------------
 Model                              1          2  3.19409146E-03                              1_GWF-(1,1,1)
 Model                              2          1       0.0000000       *                                   
 ----------------------------------------------------------------------------------------------------------


 2 CALLS TO NUMERICAL SOLUTION IN TIME STEP 1 STRESS PERIOD 42
 3 TOTAL ITERATIONS
 
    Solving:  Stress period:    43    Time step:     1
 
1
 STRESS PERIOD NO. 43, LENGTH =   1.000000    
 ------------------------------------------
 NUMBER OF TIME STEPS = 1
 MULTIPLIER FOR DELT =     1.000
 INITIAL TIME STEP SIZE =   1.000000    

 SLN_1 OUTER ITERATION SUMMARY
 ----------------------------------------------------------------------------------------------------------
                                OUTER      INNER                    STEP   MAXIMUM CHANGE MODEL-(CELLID) OR
 OUTER ITERATION STEP       ITERATION  ITERATION  MAXIMUM CHANGE SUCCESS             MODEL-PACKAGE-(NUMBER)
 ----------------------------------------------------------------------------------------------------------
 Model                              1          2  3.29951284E-03                              1_GWF-(1,1,1)
 Model                              2          1       0.0000000       *                                   
 ----------------------------------------------------------------------------------------------------------


 2 CALLS TO NUMERICAL SOLUTION IN TIME STEP 1 STRESS PERIOD 43
 3 TOTAL ITERATIONS
 
    Solving:  Stress period:    44    Time step:     1
 
1
 STRESS PERIOD NO. 44, LENGTH =   1.000000    
 ------------------------------------------
 NUMBER OF TIME STEPS = 1
 MULTIPLIER FOR DELT =     1.000
 INITIAL TIME STEP SIZE =   1.000000    

 SLN_1 OUTER ITERATION SUMMARY
 ----------------------------------------------------------------------------------------------------------
                                OUTER      INNER                    STEP   MAXIMUM CHANGE MODEL-(CELLID) OR
 OUTER ITERATION STEP       ITERATION  ITERATION  MAXIMUM CHANGE SUCCESS             MODEL-PACKAGE-(NUMBER)
 ----------------------------------------------------------------------------------------------------------
 Model                              1          2  3.41512776E-03                              1_GWF-(1,1,1)
 Model                              2          1       0.0000000       *                                   
 ----------------------------------------------------------------------------------------------------------


 2 CALLS TO NUMERICAL SOLUTION IN TIME STEP 1 STRESS PERIOD 44
 3 TOTAL ITERATIONS
 
    Solving:  Stress period:    45    Time step:     1
 
1
 STRESS PERIOD NO. 45, LENGTH =   1.000000    
 ------------------------------------------
 NUMBER OF TIME STEPS = 1
 MULTIPLIER FOR DELT =     1.000
 INITIAL TIME STEP SIZE =   1.000000    

 SLN_1 OUTER ITERATION SUMMARY
 ----------------------------------------------------------------------------------------------------------
                                OUTER      INNER                    STEP   MAXIMUM CHANGE MODEL-(CELLID) OR
 OUTER ITERATION STEP       ITERATION  ITERATION  MAXIMUM CHANGE SUCCESS             MODEL-PACKAGE-(NUMBER)
 ----------------------------------------------------------------------------------------------------------
 Model                              1          2  3.54301749E-03                              1_GWF-(1,1,1)
 Model                              2          1       0.0000000       *                                   
 ----------------------------------------------------------------------------------------------------------


 2 CALLS TO NUMERICAL SOLUTION IN TIME STEP 1 STRESS PERIOD 45
 3 TOTAL ITERATIONS
 
    Solving:  Stress period:    46    Time step:     1
 
1
 STRESS PERIOD NO. 46, LENGTH =   1.000000    
 ------------------------------------------
 NUMBER OF TIME STEPS = 1
 MULTIPLIER FOR DELT =     1.000
 INITIAL TIME STEP SIZE =   1.000000    

 SLN_1 OUTER ITERATION SUMMARY
 ----------------------------------------------------------------------------------------------------------
                                OUTER      INNER                    STEP   MAXIMUM CHANGE MODEL-(CELLID) OR
 OUTER ITERATION STEP       ITERATION  ITERATION  MAXIMUM CHANGE SUCCESS             MODEL-PACKAGE-(NUMBER)
 ----------------------------------------------------------------------------------------------------------
 Model                              1          2  3.68524703E-03                              1_GWF-(1,1,1)
 Model                              2          1       0.0000000       *                                   
 ----------------------------------------------------------------------------------------------------------


 2 CALLS TO NUMERICAL SOLUTION IN TIME STEP 1 STRESS PERIOD 46
 3 TOTAL ITERATIONS
 
    Solving:  Stress period:    47    Time step:     1
 
1
 STRESS PERIOD NO. 47, LENGTH =   1.000000    
 ------------------------------------------
 NUMBER OF TIME STEPS = 1
 MULTIPLIER FOR DELT =     1.000
 INITIAL TIME STEP SIZE =   1.000000    

 SLN_1 OUTER ITERATION SUMMARY
 ----------------------------------------------------------------------------------------------------------
                                OUTER      INNER                    STEP   MAXIMUM CHANGE MODEL-(CELLID) OR
 OUTER ITERATION STEP       ITERATION  ITERATION  MAXIMUM CHANGE SUCCESS             MODEL-PACKAGE-(NUMBER)
 ----------------------------------------------------------------------------------------------------------
 Model                              1          2  3.84246805E-03                              1_GWF-(1,1,1)
 Model                              2          1       0.0000000       *                                   
 ----------------------------------------------------------------------------------------------------------


 2 CALLS TO NUMERICAL SOLUTION IN TIME STEP 1 STRESS PERIOD 47
 3 TOTAL ITERATIONS
 
    Solving:  Stress period:    48    Time step:     1
 
1
 STRESS PERIOD NO. 48, LENGTH =   1.000000    
 ------------------------------------------
 NUMBER OF TIME STEPS = 1
 MULTIPLIER FOR DELT =     1.000
 INITIAL TIME STEP SIZE =   1.000000    

 SLN_1 OUTER ITERATION SUMMARY
 ----------------------------------------------------------------------------------------------------------
                                OUTER      INNER                    STEP   MAXIMUM CHANGE MODEL-(CELLID) OR
 OUTER ITERATION STEP       ITERATION  ITERATION  MAXIMUM CHANGE SUCCESS             MODEL-PACKAGE-(NUMBER)
 ----------------------------------------------------------------------------------------------------------
 Model                              1          2  4.01515602E-03                              1_GWF-(1,1,1)
 Model                              2          1       0.0000000       *                                   
 ----------------------------------------------------------------------------------------------------------


 2 CALLS TO NUMERICAL SOLUTION IN TIME STEP 1 STRESS PERIOD 48
 3 TOTAL ITERATIONS
 
    Solving:  Stress period:    49    Time step:     1
 
1
 STRESS PERIOD NO. 49, LENGTH =   1.000000    
 ------------------------------------------
 NUMBER OF TIME STEPS = 1
 MULTIPLIER FOR DELT =     1.000
 INITIAL TIME STEP SIZE =   1.000000    

 SLN_1 OUTER ITERATION SUMMARY
 ----------------------------------------------------------------------------------------------------------
                                OUTER      INNER                    STEP   MAXIMUM CHANGE MODEL-(CELLID) OR
 OUTER ITERATION STEP       ITERATION  ITERATION  MAXIMUM CHANGE SUCCESS             MODEL-PACKAGE-(NUMBER)
 ----------------------------------------------------------------------------------------------------------
 Model                              1          2  4.20361162E-03                              1_GWF-(1,1,1)
 Model                              2          1       0.0000000       *                                   
 ----------------------------------------------------------------------------------------------------------


 2 CALLS TO NUMERICAL SOLUTION IN TIME STEP 1 STRESS PERIOD 49
 3 TOTAL ITERATIONS
 
    Solving:  Stress period:    50    Time step:     1
 
1
 STRESS PERIOD NO. 50, LENGTH =   1.000000    
 ------------------------------------------
 NUMBER OF TIME STEPS = 1
 MULTIPLIER FOR DELT =     1.000
 INITIAL TIME STEP SIZE =   1.000000    

 SLN_1 OUTER ITERATION SUMMARY
 ----------------------------------------------------------------------------------------------------------
                                OUTER      INNER                    STEP   MAXIMUM CHANGE MODEL-(CELLID) OR
 OUTER ITERATION STEP       ITERATION  ITERATION  MAXIMUM CHANGE SUCCESS             MODEL-PACKAGE-(NUMBER)
 ----------------------------------------------------------------------------------------------------------
 Model                              1          2  4.40814254E-03                              1_GWF-(1,1,1)
 Model                              2          1       0.0000000       *                                   
 ----------------------------------------------------------------------------------------------------------


 2 CALLS TO NUMERICAL SOLUTION IN TIME STEP 1 STRESS PERIOD 50
 3 TOTAL ITERATIONS
 
    Solving:  Stress period:    51    Time step:     1
 
1
 STRESS PERIOD NO. 51, LENGTH =   1.000000    
 ------------------------------------------
 NUMBER OF TIME STEPS = 1
 MULTIPLIER FOR DELT =     1.000
 INITIAL TIME STEP SIZE =   1.000000    

 SLN_1 OUTER ITERATION SUMMARY
 ----------------------------------------------------------------------------------------------------------
                                OUTER      INNER                    STEP   MAXIMUM CHANGE MODEL-(CELLID) OR
 OUTER ITERATION STEP       ITERATION  ITERATION  MAXIMUM CHANGE SUCCESS             MODEL-PACKAGE-(NUMBER)
 ----------------------------------------------------------------------------------------------------------
 Model                              1          2  4.79652590E-03                              1_GWF-(1,1,1)
 Model                              2          1       0.0000000       *                                   
 ----------------------------------------------------------------------------------------------------------


 2 CALLS TO NUMERICAL SOLUTION IN TIME STEP 1 STRESS PERIOD 51
 3 TOTAL ITERATIONS
 
    Solving:  Stress period:    52    Time step:     1
 
1
 STRESS PERIOD NO. 52, LENGTH =   1.000000    
 ------------------------------------------
 NUMBER OF TIME STEPS = 1
 MULTIPLIER FOR DELT =     1.000
 INITIAL TIME STEP SIZE =   1.000000    

 SLN_1 OUTER ITERATION SUMMARY
 ----------------------------------------------------------------------------------------------------------
                                OUTER      INNER                    STEP   MAXIMUM CHANGE MODEL-(CELLID) OR
 OUTER ITERATION STEP       ITERATION  ITERATION  MAXIMUM CHANGE SUCCESS             MODEL-PACKAGE-(NUMBER)
 ----------------------------------------------------------------------------------------------------------
 Model                              1          2  5.22863673E-03                              1_GWF-(1,1,1)
 Model                              2          1       0.0000000       *                                   
 ----------------------------------------------------------------------------------------------------------


 2 CALLS TO NUMERICAL SOLUTION IN TIME STEP 1 STRESS PERIOD 52
 3 TOTAL ITERATIONS
 
    Solving:  Stress period:    53    Time step:     1
 
1
 STRESS PERIOD NO. 53, LENGTH =   1.000000    
 ------------------------------------------
 NUMBER OF TIME STEPS = 1
 MULTIPLIER FOR DELT =     1.000
 INITIAL TIME STEP SIZE =   1.000000    

 SLN_1 OUTER ITERATION SUMMARY
 ----------------------------------------------------------------------------------------------------------
                                OUTER      INNER                    STEP   MAXIMUM CHANGE MODEL-(CELLID) OR
 OUTER ITERATION STEP       ITERATION  ITERATION  MAXIMUM CHANGE SUCCESS             MODEL-PACKAGE-(NUMBER)
 ----------------------------------------------------------------------------------------------------------
 Model                              1          2  5.66995840E-03                              1_GWF-(1,1,1)
 Model                              2          1       0.0000000       *                                   
 ----------------------------------------------------------------------------------------------------------


 2 CALLS TO NUMERICAL SOLUTION IN TIME STEP 1 STRESS PERIOD 53
 3 TOTAL ITERATIONS
 
    Solving:  Stress period:    54    Time step:     1
 
1
 STRESS PERIOD NO. 54, LENGTH =   1.000000    
 ------------------------------------------
 NUMBER OF TIME STEPS = 1
 MULTIPLIER FOR DELT =     1.000
 INITIAL TIME STEP SIZE =   1.000000    

 SLN_1 OUTER ITERATION SUMMARY
 ----------------------------------------------------------------------------------------------------------
                                OUTER      INNER                    STEP   MAXIMUM CHANGE MODEL-(CELLID) OR
 OUTER ITERATION STEP       ITERATION  ITERATION  MAXIMUM CHANGE SUCCESS             MODEL-PACKAGE-(NUMBER)
 ----------------------------------------------------------------------------------------------------------
 Model                              1          2  6.12416243E-03                              1_GWF-(1,1,1)
 Model                              2          1       0.0000000       *                                   
 ----------------------------------------------------------------------------------------------------------


 2 CALLS TO NUMERICAL SOLUTION IN TIME STEP 1 STRESS PERIOD 54
 3 TOTAL ITERATIONS
 
    Solving:  Stress period:    55    Time step:     1
 
1
 STRESS PERIOD NO. 55, LENGTH =   1.000000    
 ------------------------------------------
 NUMBER OF TIME STEPS = 1
 MULTIPLIER FOR DELT =     1.000
 INITIAL TIME STEP SIZE =   1.000000    

 SLN_1 OUTER ITERATION SUMMARY
 ----------------------------------------------------------------------------------------------------------
                                OUTER      INNER                    STEP   MAXIMUM CHANGE MODEL-(CELLID) OR
 OUTER ITERATION STEP       ITERATION  ITERATION  MAXIMUM CHANGE SUCCESS             MODEL-PACKAGE-(NUMBER)
 ----------------------------------------------------------------------------------------------------------
 Model                              1          2  6.59540040E-03                              1_GWF-(1,1,1)
 Model                              2          1       0.0000000       *                                   
 ----------------------------------------------------------------------------------------------------------


 2 CALLS TO NUMERICAL SOLUTION IN TIME STEP 1 STRESS PERIOD 55
 3 TOTAL ITERATIONS
 
    Solving:  Stress period:    56    Time step:     1
 
1
 STRESS PERIOD NO. 56, LENGTH =   1.000000    
 ------------------------------------------
 NUMBER OF TIME STEPS = 1
 MULTIPLIER FOR DELT =     1.000
 INITIAL TIME STEP SIZE =   1.000000    

 SLN_1 OUTER ITERATION SUMMARY
 ----------------------------------------------------------------------------------------------------------
                                OUTER      INNER                    STEP   MAXIMUM CHANGE MODEL-(CELLID) OR
 OUTER ITERATION STEP       ITERATION  ITERATION  MAXIMUM CHANGE SUCCESS             MODEL-PACKAGE-(NUMBER)
 ----------------------------------------------------------------------------------------------------------
 Model                              1          2  7.08486764E-03                              1_GWF-(1,1,1)
 Model                              2          1       0.0000000       *                                   
 ----------------------------------------------------------------------------------------------------------


 2 CALLS TO NUMERICAL SOLUTION IN TIME STEP 1 STRESS PERIOD 56
 3 TOTAL ITERATIONS
 
    Solving:  Stress period:    57    Time step:     1
 
1
 STRESS PERIOD NO. 57, LENGTH =   1.000000    
 ------------------------------------------
 NUMBER OF TIME STEPS = 1
 MULTIPLIER FOR DELT =     1.000
 INITIAL TIME STEP SIZE =   1.000000    

 SLN_1 OUTER ITERATION SUMMARY
 ----------------------------------------------------------------------------------------------------------
                                OUTER      INNER                    STEP   MAXIMUM CHANGE MODEL-(CELLID) OR
 OUTER ITERATION STEP       ITERATION  ITERATION  MAXIMUM CHANGE SUCCESS             MODEL-PACKAGE-(NUMBER)
 ----------------------------------------------------------------------------------------------------------
 Model                              1          2  7.62397451E-03                              1_GWF-(1,1,1)
 Model                              2          1       0.0000000       *                                   
 ----------------------------------------------------------------------------------------------------------


 2 CALLS TO NUMERICAL SOLUTION IN TIME STEP 1 STRESS PERIOD 57
 3 TOTAL ITERATIONS
 
    Solving:  Stress period:    58    Time step:     1
 
1
 STRESS PERIOD NO. 58, LENGTH =   1.000000    
 ------------------------------------------
 NUMBER OF TIME STEPS = 1
 MULTIPLIER FOR DELT =     1.000
 INITIAL TIME STEP SIZE =   1.000000    

 SLN_1 OUTER ITERATION SUMMARY
 ----------------------------------------------------------------------------------------------------------
                                OUTER      INNER                    STEP   MAXIMUM CHANGE MODEL-(CELLID) OR
 OUTER ITERATION STEP       ITERATION  ITERATION  MAXIMUM CHANGE SUCCESS             MODEL-PACKAGE-(NUMBER)
 ----------------------------------------------------------------------------------------------------------
 Model                              1          2  8.19777707E-03                              1_GWF-(1,1,1)
 Model                              2          1       0.0000000       *                                   
 ----------------------------------------------------------------------------------------------------------


 2 CALLS TO NUMERICAL SOLUTION IN TIME STEP 1 STRESS PERIOD 58
 3 TOTAL ITERATIONS
 
    Solving:  Stress period:    59    Time step:     1
 
1
 STRESS PERIOD NO. 59, LENGTH =   1.000000    
 ------------------------------------------
 NUMBER OF TIME STEPS = 1
 MULTIPLIER FOR DELT =     1.000
 INITIAL TIME STEP SIZE =   1.000000    

 SLN_1 OUTER ITERATION SUMMARY
 ----------------------------------------------------------------------------------------------------------
                                OUTER      INNER                    STEP   MAXIMUM CHANGE MODEL-(CELLID) OR
 OUTER ITERATION STEP       ITERATION  ITERATION  MAXIMUM CHANGE SUCCESS             MODEL-PACKAGE-(NUMBER)
 ----------------------------------------------------------------------------------------------------------
 Model                              1          2  8.79329043E-03                              1_GWF-(1,1,1)
 Model                              2          1       0.0000000       *                                   
 ----------------------------------------------------------------------------------------------------------


 2 CALLS TO NUMERICAL SOLUTION IN TIME STEP 1 STRESS PERIOD 59
 3 TOTAL ITERATIONS
 
    Solving:  Stress period:    60    Time step:     1
 
1
 STRESS PERIOD NO. 60, LENGTH =   1.000000    
 ------------------------------------------
 NUMBER OF TIME STEPS = 1
 MULTIPLIER FOR DELT =     1.000
 INITIAL TIME STEP SIZE =   1.000000    

 SLN_1 OUTER ITERATION SUMMARY
 ----------------------------------------------------------------------------------------------------------
                                OUTER      INNER                    STEP   MAXIMUM CHANGE MODEL-(CELLID) OR
 OUTER ITERATION STEP       ITERATION  ITERATION  MAXIMUM CHANGE SUCCESS             MODEL-PACKAGE-(NUMBER)
 ----------------------------------------------------------------------------------------------------------
 Model                              1          2  9.40098202E-03                              1_GWF-(1,1,1)
 Model                              2          1       0.0000000       *                                   
 ----------------------------------------------------------------------------------------------------------


 2 CALLS TO NUMERICAL SOLUTION IN TIME STEP 1 STRESS PERIOD 60
 3 TOTAL ITERATIONS
 
    Solving:  Stress period:    61    Time step:     1
 
1
 STRESS PERIOD NO. 61, LENGTH =   1.000000    
 ------------------------------------------
 NUMBER OF TIME STEPS = 1
 MULTIPLIER FOR DELT =     1.000
 INITIAL TIME STEP SIZE =   1.000000    

 SLN_1 OUTER ITERATION SUMMARY
 ----------------------------------------------------------------------------------------------------------
                                OUTER      INNER                    STEP   MAXIMUM CHANGE MODEL-(CELLID) OR
 OUTER ITERATION STEP       ITERATION  ITERATION  MAXIMUM CHANGE SUCCESS             MODEL-PACKAGE-(NUMBER)
 ----------------------------------------------------------------------------------------------------------
 Model                              1          2  1.00142522E-02                              1_GWF-(1,1,1)
 Model                              2          1       0.0000000       *                                   
 ----------------------------------------------------------------------------------------------------------


 2 CALLS TO NUMERICAL SOLUTION IN TIME STEP 1 STRESS PERIOD 61
 3 TOTAL ITERATIONS
 
    Solving:  Stress period:    62    Time step:     1
 
1
 STRESS PERIOD NO. 62, LENGTH =   1.000000    
 ------------------------------------------
 NUMBER OF TIME STEPS = 1
 MULTIPLIER FOR DELT =     1.000
 INITIAL TIME STEP SIZE =   1.000000    

 SLN_1 OUTER ITERATION SUMMARY
 ----------------------------------------------------------------------------------------------------------
                                OUTER      INNER                    STEP   MAXIMUM CHANGE MODEL-(CELLID) OR
 OUTER ITERATION STEP       ITERATION  ITERATION  MAXIMUM CHANGE SUCCESS             MODEL-PACKAGE-(NUMBER)
 ----------------------------------------------------------------------------------------------------------
 Model                              1          2  1.06267229E-02                              1_GWF-(1,1,1)
 Model                              2          1       0.0000000       *                                   
 ----------------------------------------------------------------------------------------------------------


 2 CALLS TO NUMERICAL SOLUTION IN TIME STEP 1 STRESS PERIOD 62
 3 TOTAL ITERATIONS
 
    Solving:  Stress period:    63    Time step:     1
 
1
 STRESS PERIOD NO. 63, LENGTH =   1.000000    
 ------------------------------------------
 NUMBER OF TIME STEPS = 1
 MULTIPLIER FOR DELT =     1.000
 INITIAL TIME STEP SIZE =   1.000000    

 SLN_1 OUTER ITERATION SUMMARY
 ----------------------------------------------------------------------------------------------------------
                                OUTER      INNER                    STEP   MAXIMUM CHANGE MODEL-(CELLID) OR
 OUTER ITERATION STEP       ITERATION  ITERATION  MAXIMUM CHANGE SUCCESS             MODEL-PACKAGE-(NUMBER)
 ----------------------------------------------------------------------------------------------------------
 Model                              1          2  1.12346733E-02                              1_GWF-(1,1,1)
 Model                              2          1       0.0000000       *                                   
 ----------------------------------------------------------------------------------------------------------


 2 CALLS TO NUMERICAL SOLUTION IN TIME STEP 1 STRESS PERIOD 63
 3 TOTAL ITERATIONS
 
    Solving:  Stress period:    64    Time step:     1
 
1
 STRESS PERIOD NO. 64, LENGTH =   1.000000    
 ------------------------------------------
 NUMBER OF TIME STEPS = 1
 MULTIPLIER FOR DELT =     1.000
 INITIAL TIME STEP SIZE =   1.000000    

 SLN_1 OUTER ITERATION SUMMARY
 ----------------------------------------------------------------------------------------------------------
                                OUTER      INNER                    STEP   MAXIMUM CHANGE MODEL-(CELLID) OR
 OUTER ITERATION STEP       ITERATION  ITERATION  MAXIMUM CHANGE SUCCESS             MODEL-PACKAGE-(NUMBER)
 ----------------------------------------------------------------------------------------------------------
 Model                              1          2  1.18345013E-02                              1_GWF-(1,1,1)
 Model                              2          1       0.0000000       *                                   
 ----------------------------------------------------------------------------------------------------------


 2 CALLS TO NUMERICAL SOLUTION IN TIME STEP 1 STRESS PERIOD 64
 3 TOTAL ITERATIONS
 
    Solving:  Stress period:    65    Time step:     1
 
1
 STRESS PERIOD NO. 65, LENGTH =   1.000000    
 ------------------------------------------
 NUMBER OF TIME STEPS = 1
 MULTIPLIER FOR DELT =     1.000
 INITIAL TIME STEP SIZE =   1.000000    

 SLN_1 OUTER ITERATION SUMMARY
 ----------------------------------------------------------------------------------------------------------
                                OUTER      INNER                    STEP   MAXIMUM CHANGE MODEL-(CELLID) OR
 OUTER ITERATION STEP       ITERATION  ITERATION  MAXIMUM CHANGE SUCCESS             MODEL-PACKAGE-(NUMBER)
 ----------------------------------------------------------------------------------------------------------
 Model                              1          2  1.24225261E-02                              1_GWF-(1,1,1)
 Model                              2          1  9.15461527E-06       *                      1_GWF-(1,1,1)
 ----------------------------------------------------------------------------------------------------------


 2 CALLS TO NUMERICAL SOLUTION IN TIME STEP 1 STRESS PERIOD 65
 3 TOTAL ITERATIONS
 
    Solving:  Stress period:    66    Time step:     1
 
1
 STRESS PERIOD NO. 66, LENGTH =   1.000000    
 ------------------------------------------
 NUMBER OF TIME STEPS = 1
 MULTIPLIER FOR DELT =     1.000
 INITIAL TIME STEP SIZE =   1.000000    

 SLN_1 OUTER ITERATION SUMMARY
 ----------------------------------------------------------------------------------------------------------
                                OUTER      INNER                    STEP   MAXIMUM CHANGE MODEL-(CELLID) OR
 OUTER ITERATION STEP       ITERATION  ITERATION  MAXIMUM CHANGE SUCCESS             MODEL-PACKAGE-(NUMBER)
 ----------------------------------------------------------------------------------------------------------
 Model                              1          2  1.30041474E-02                              1_GWF-(1,1,1)
 Model                              2          1       0.0000000       *                                   
 ----------------------------------------------------------------------------------------------------------


 2 CALLS TO NUMERICAL SOLUTION IN TIME STEP 1 STRESS PERIOD 66
 3 TOTAL ITERATIONS
 
    Solving:  Stress period:    67    Time step:     1
 
1
 STRESS PERIOD NO. 67, LENGTH =   1.000000    
 ------------------------------------------
 NUMBER OF TIME STEPS = 1
 MULTIPLIER FOR DELT =     1.000
 INITIAL TIME STEP SIZE =   1.000000    

 SLN_1 OUTER ITERATION SUMMARY
 ----------------------------------------------------------------------------------------------------------
                                OUTER      INNER                    STEP   MAXIMUM CHANGE MODEL-(CELLID) OR
 OUTER ITERATION STEP       ITERATION  ITERATION  MAXIMUM CHANGE SUCCESS             MODEL-PACKAGE-(NUMBER)
 ----------------------------------------------------------------------------------------------------------
 Model                              1          2  1.35600858E-02                              1_GWF-(1,1,1)
 Model                              2          1       0.0000000       *                                   
 ----------------------------------------------------------------------------------------------------------


 2 CALLS TO NUMERICAL SOLUTION IN TIME STEP 1 STRESS PERIOD 67
 3 TOTAL ITERATIONS
 
    Solving:  Stress period:    68    Time step:     1
 
1
 STRESS PERIOD NO. 68, LENGTH =   1.000000    
 ------------------------------------------
 NUMBER OF TIME STEPS = 1
 MULTIPLIER FOR DELT =     1.000
 INITIAL TIME STEP SIZE =   1.000000    

 SLN_1 OUTER ITERATION SUMMARY
 ----------------------------------------------------------------------------------------------------------
                                OUTER      INNER                    STEP   MAXIMUM CHANGE MODEL-(CELLID) OR
 OUTER ITERATION STEP       ITERATION  ITERATION  MAXIMUM CHANGE SUCCESS             MODEL-PACKAGE-(NUMBER)
 ----------------------------------------------------------------------------------------------------------
 Model                              1          2  1.40978195E-02                              1_GWF-(1,1,1)
 Model                              2          1       0.0000000       *                                   
 ----------------------------------------------------------------------------------------------------------


 2 CALLS TO NUMERICAL SOLUTION IN TIME STEP 1 STRESS PERIOD 68
 3 TOTAL ITERATIONS
 
    Solving:  Stress period:    69    Time step:     1
 
1
 STRESS PERIOD NO. 69, LENGTH =   1.000000    
 ------------------------------------------
 NUMBER OF TIME STEPS = 1
 MULTIPLIER FOR DELT =     1.000
 INITIAL TIME STEP SIZE =   1.000000    

 SLN_1 OUTER ITERATION SUMMARY
 ----------------------------------------------------------------------------------------------------------
                                OUTER      INNER                    STEP   MAXIMUM CHANGE MODEL-(CELLID) OR
 OUTER ITERATION STEP       ITERATION  ITERATION  MAXIMUM CHANGE SUCCESS             MODEL-PACKAGE-(NUMBER)
 ----------------------------------------------------------------------------------------------------------
 Model                              1          2  1.47289768E-02                              1_GWF-(1,1,1)
 Model                              2          1       0.0000000       *                                   
 ----------------------------------------------------------------------------------------------------------


 2 CALLS TO NUMERICAL SOLUTION IN TIME STEP 1 STRESS PERIOD 69
 3 TOTAL ITERATIONS
 
    Solving:  Stress period:    70    Time step:     1
 
1
 STRESS PERIOD NO. 70, LENGTH =   1.000000    
 ------------------------------------------
 NUMBER OF TIME STEPS = 1
 MULTIPLIER FOR DELT =     1.000
 INITIAL TIME STEP SIZE =   1.000000    

 SLN_1 OUTER ITERATION SUMMARY
 ----------------------------------------------------------------------------------------------------------
                                OUTER      INNER                    STEP   MAXIMUM CHANGE MODEL-(CELLID) OR
 OUTER ITERATION STEP       ITERATION  ITERATION  MAXIMUM CHANGE SUCCESS             MODEL-PACKAGE-(NUMBER)
 ----------------------------------------------------------------------------------------------------------
 Model                              1          2  1.55468840E-02                              1_GWF-(1,1,1)
 Model                              2          1       0.0000000       *                                   
 ----------------------------------------------------------------------------------------------------------


 2 CALLS TO NUMERICAL SOLUTION IN TIME STEP 1 STRESS PERIOD 70
 3 TOTAL ITERATIONS
 
    Solving:  Stress period:    71    Time step:     1
 
1
 STRESS PERIOD NO. 71, LENGTH =   1.000000    
 ------------------------------------------
 NUMBER OF TIME STEPS = 1
 MULTIPLIER FOR DELT =     1.000
 INITIAL TIME STEP SIZE =   1.000000    

 SLN_1 OUTER ITERATION SUMMARY
 ----------------------------------------------------------------------------------------------------------
                                OUTER      INNER                    STEP   MAXIMUM CHANGE MODEL-(CELLID) OR
 OUTER ITERATION STEP       ITERATION  ITERATION  MAXIMUM CHANGE SUCCESS             MODEL-PACKAGE-(NUMBER)
 ----------------------------------------------------------------------------------------------------------
 Model                              1          2  1.62261769E-02                              1_GWF-(1,1,1)
 Model                              2          1       0.0000000       *                                   
 ----------------------------------------------------------------------------------------------------------


 2 CALLS TO NUMERICAL SOLUTION IN TIME STEP 1 STRESS PERIOD 71
 3 TOTAL ITERATIONS
 
    Solving:  Stress period:    72    Time step:     1
 
1
 STRESS PERIOD NO. 72, LENGTH =   1.000000    
 ------------------------------------------
 NUMBER OF TIME STEPS = 1
 MULTIPLIER FOR DELT =     1.000
 INITIAL TIME STEP SIZE =   1.000000    

 SLN_1 OUTER ITERATION SUMMARY
 ----------------------------------------------------------------------------------------------------------
                                OUTER      INNER                    STEP   MAXIMUM CHANGE MODEL-(CELLID) OR
 OUTER ITERATION STEP       ITERATION  ITERATION  MAXIMUM CHANGE SUCCESS             MODEL-PACKAGE-(NUMBER)
 ----------------------------------------------------------------------------------------------------------
 Model                              1          2  1.67604607E-02                              1_GWF-(1,1,1)
 Model                              2          1       0.0000000       *                                   
 ----------------------------------------------------------------------------------------------------------


 2 CALLS TO NUMERICAL SOLUTION IN TIME STEP 1 STRESS PERIOD 72
 3 TOTAL ITERATIONS
 
    Solving:  Stress period:    73    Time step:     1
 
1
 STRESS PERIOD NO. 73, LENGTH =   1.000000    
 ------------------------------------------
 NUMBER OF TIME STEPS = 1
 MULTIPLIER FOR DELT =     1.000
 INITIAL TIME STEP SIZE =   1.000000    

 SLN_1 OUTER ITERATION SUMMARY
 ----------------------------------------------------------------------------------------------------------
                                OUTER      INNER                    STEP   MAXIMUM CHANGE MODEL-(CELLID) OR
 OUTER ITERATION STEP       ITERATION  ITERATION  MAXIMUM CHANGE SUCCESS             MODEL-PACKAGE-(NUMBER)
 ----------------------------------------------------------------------------------------------------------
 Model                              1          2  1.71573383E-02                              1_GWF-(1,1,1)
 Model                              2          1       0.0000000       *                                   
 ----------------------------------------------------------------------------------------------------------


 2 CALLS TO NUMERICAL SOLUTION IN TIME STEP 1 STRESS PERIOD 73
 3 TOTAL ITERATIONS
 
    Solving:  Stress period:    74    Time step:     1
 
1
 STRESS PERIOD NO. 74, LENGTH =   1.000000    
 ------------------------------------------
 NUMBER OF TIME STEPS = 1
 MULTIPLIER FOR DELT =     1.000
 INITIAL TIME STEP SIZE =   1.000000    

 SLN_1 OUTER ITERATION SUMMARY
 ----------------------------------------------------------------------------------------------------------
                                OUTER      INNER                    STEP   MAXIMUM CHANGE MODEL-(CELLID) OR
 OUTER ITERATION STEP       ITERATION  ITERATION  MAXIMUM CHANGE SUCCESS             MODEL-PACKAGE-(NUMBER)
 ----------------------------------------------------------------------------------------------------------
 Model                              1          2  1.74296649E-02                              1_GWF-(1,1,1)
 Model                              2          1       0.0000000       *                                   
 ----------------------------------------------------------------------------------------------------------


 2 CALLS TO NUMERICAL SOLUTION IN TIME STEP 1 STRESS PERIOD 74
 3 TOTAL ITERATIONS
 
    Solving:  Stress period:    75    Time step:     1
 
1
 STRESS PERIOD NO. 75, LENGTH =   1.000000    
 ------------------------------------------
 NUMBER OF TIME STEPS = 1
 MULTIPLIER FOR DELT =     1.000
 INITIAL TIME STEP SIZE =   1.000000    

 SLN_1 OUTER ITERATION SUMMARY
 ----------------------------------------------------------------------------------------------------------
                                OUTER      INNER                    STEP   MAXIMUM CHANGE MODEL-(CELLID) OR
 OUTER ITERATION STEP       ITERATION  ITERATION  MAXIMUM CHANGE SUCCESS             MODEL-PACKAGE-(NUMBER)
 ----------------------------------------------------------------------------------------------------------
 Model                              1          2  1.75947677E-02                              1_GWF-(1,1,1)
 Model                              2          1       0.0000000       *                                   
 ----------------------------------------------------------------------------------------------------------


 2 CALLS TO NUMERICAL SOLUTION IN TIME STEP 1 STRESS PERIOD 75
 3 TOTAL ITERATIONS
 
    Solving:  Stress period:    76    Time step:     1
 
1
 STRESS PERIOD NO. 76, LENGTH =   1.000000    
 ------------------------------------------
 NUMBER OF TIME STEPS = 1
 MULTIPLIER FOR DELT =     1.000
 INITIAL TIME STEP SIZE =   1.000000    

 SLN_1 OUTER ITERATION SUMMARY
 ----------------------------------------------------------------------------------------------------------
                                OUTER      INNER                    STEP   MAXIMUM CHANGE MODEL-(CELLID) OR
 OUTER ITERATION STEP       ITERATION  ITERATION  MAXIMUM CHANGE SUCCESS             MODEL-PACKAGE-(NUMBER)
 ----------------------------------------------------------------------------------------------------------
 Model                              1          2  1.76685572E-02                              1_GWF-(1,1,1)
 Model                              2          1       0.0000000       *                                   
 ----------------------------------------------------------------------------------------------------------


 2 CALLS TO NUMERICAL SOLUTION IN TIME STEP 1 STRESS PERIOD 76
 3 TOTAL ITERATIONS
 
    Solving:  Stress period:    77    Time step:     1
 
1
 STRESS PERIOD NO. 77, LENGTH =   1.000000    
 ------------------------------------------
 NUMBER OF TIME STEPS = 1
 MULTIPLIER FOR DELT =     1.000
 INITIAL TIME STEP SIZE =   1.000000    

 SLN_1 OUTER ITERATION SUMMARY
 ----------------------------------------------------------------------------------------------------------
                                OUTER      INNER                    STEP   MAXIMUM CHANGE MODEL-(CELLID) OR
 OUTER ITERATION STEP       ITERATION  ITERATION  MAXIMUM CHANGE SUCCESS             MODEL-PACKAGE-(NUMBER)
 ----------------------------------------------------------------------------------------------------------
 Model                              1          2  1.76678398E-02                              1_GWF-(1,1,1)
 Model                              2          1       0.0000000       *                                   
 ----------------------------------------------------------------------------------------------------------


 2 CALLS TO NUMERICAL SOLUTION IN TIME STEP 1 STRESS PERIOD 77
 3 TOTAL ITERATIONS
 
    Solving:  Stress period:    78    Time step:     1
 
1
 STRESS PERIOD NO. 78, LENGTH =   1.000000    
 ------------------------------------------
 NUMBER OF TIME STEPS = 1
 MULTIPLIER FOR DELT =     1.000
 INITIAL TIME STEP SIZE =   1.000000    

 SLN_1 OUTER ITERATION SUMMARY
 ----------------------------------------------------------------------------------------------------------
                                OUTER      INNER                    STEP   MAXIMUM CHANGE MODEL-(CELLID) OR
 OUTER ITERATION STEP       ITERATION  ITERATION  MAXIMUM CHANGE SUCCESS             MODEL-PACKAGE-(NUMBER)
 ----------------------------------------------------------------------------------------------------------
 Model                              1          2  1.76076696E-02                              1_GWF-(1,1,1)
 Model                              2          1  4.43323048E-07       *                      1_GWF-(1,1,1)
 ----------------------------------------------------------------------------------------------------------


 2 CALLS TO NUMERICAL SOLUTION IN TIME STEP 1 STRESS PERIOD 78
 3 TOTAL ITERATIONS
 
    Solving:  Stress period:    79    Time step:     1
 
1
 STRESS PERIOD NO. 79, LENGTH =   1.000000    
 ------------------------------------------
 NUMBER OF TIME STEPS = 1
 MULTIPLIER FOR DELT =     1.000
 INITIAL TIME STEP SIZE =   1.000000    

 SLN_1 OUTER ITERATION SUMMARY
 ----------------------------------------------------------------------------------------------------------
                                OUTER      INNER                    STEP   MAXIMUM CHANGE MODEL-(CELLID) OR
 OUTER ITERATION STEP       ITERATION  ITERATION  MAXIMUM CHANGE SUCCESS             MODEL-PACKAGE-(NUMBER)
 ----------------------------------------------------------------------------------------------------------
 Model                              1          2  1.75005244E-02                              1_GWF-(1,1,1)
 Model                              2          1       0.0000000       *                                   
 ----------------------------------------------------------------------------------------------------------


 2 CALLS TO NUMERICAL SOLUTION IN TIME STEP 1 STRESS PERIOD 79
 3 TOTAL ITERATIONS
 
    Solving:  Stress period:    80    Time step:     1
 
1
 STRESS PERIOD NO. 80, LENGTH =   1.000000    
 ------------------------------------------
 NUMBER OF TIME STEPS = 1
 MULTIPLIER FOR DELT =     1.000
 INITIAL TIME STEP SIZE =   1.000000    

 SLN_1 OUTER ITERATION SUMMARY
 ----------------------------------------------------------------------------------------------------------
                                OUTER      INNER                    STEP   MAXIMUM CHANGE MODEL-(CELLID) OR
 OUTER ITERATION STEP       ITERATION  ITERATION  MAXIMUM CHANGE SUCCESS             MODEL-PACKAGE-(NUMBER)
 ----------------------------------------------------------------------------------------------------------
 Model                              1          2  1.73582154E-02                              1_GWF-(1,1,1)
 Model                              2          1       0.0000000       *                                   
 ----------------------------------------------------------------------------------------------------------


 2 CALLS TO NUMERICAL SOLUTION IN TIME STEP 1 STRESS PERIOD 80
 3 TOTAL ITERATIONS
 
    Solving:  Stress period:    81    Time step:     1
 
1
 STRESS PERIOD NO. 81, LENGTH =   1.000000    
 ------------------------------------------
 NUMBER OF TIME STEPS = 1
 MULTIPLIER FOR DELT =     1.000
 INITIAL TIME STEP SIZE =   1.000000    

 SLN_1 OUTER ITERATION SUMMARY
 ----------------------------------------------------------------------------------------------------------
                                OUTER      INNER                    STEP   MAXIMUM CHANGE MODEL-(CELLID) OR
 OUTER ITERATION STEP       ITERATION  ITERATION  MAXIMUM CHANGE SUCCESS             MODEL-PACKAGE-(NUMBER)
 ----------------------------------------------------------------------------------------------------------
 Model                              1          2  1.71903651E-02                              1_GWF-(1,1,1)
 Model                              2          1       0.0000000       *                                   
 ----------------------------------------------------------------------------------------------------------


 2 CALLS TO NUMERICAL SOLUTION IN TIME STEP 1 STRESS PERIOD 81
 3 TOTAL ITERATIONS
 
    Solving:  Stress period:    82    Time step:     1
 
1
 STRESS PERIOD NO. 82, LENGTH =   1.000000    
 ------------------------------------------
 NUMBER OF TIME STEPS = 1
 MULTIPLIER FOR DELT =     1.000
 INITIAL TIME STEP SIZE =   1.000000    

 SLN_1 OUTER ITERATION SUMMARY
 ----------------------------------------------------------------------------------------------------------
                                OUTER      INNER                    STEP   MAXIMUM CHANGE MODEL-(CELLID) OR
 OUTER ITERATION STEP       ITERATION  ITERATION  MAXIMUM CHANGE SUCCESS             MODEL-PACKAGE-(NUMBER)
 ----------------------------------------------------------------------------------------------------------
 Model                              1          2  1.70048193E-02                              1_GWF-(1,1,1)
 Model                              2          1       0.0000000       *                                   
 ----------------------------------------------------------------------------------------------------------


 2 CALLS TO NUMERICAL SOLUTION IN TIME STEP 1 STRESS PERIOD 82
 3 TOTAL ITERATIONS
 
    Solving:  Stress period:    83    Time step:     1
 
1
 STRESS PERIOD NO. 83, LENGTH =   1.000000    
 ------------------------------------------
 NUMBER OF TIME STEPS = 1
 MULTIPLIER FOR DELT =     1.000
 INITIAL TIME STEP SIZE =   1.000000    

 SLN_1 OUTER ITERATION SUMMARY
 ----------------------------------------------------------------------------------------------------------
                                OUTER      INNER                    STEP   MAXIMUM CHANGE MODEL-(CELLID) OR
 OUTER ITERATION STEP       ITERATION  ITERATION  MAXIMUM CHANGE SUCCESS             MODEL-PACKAGE-(NUMBER)
 ----------------------------------------------------------------------------------------------------------
 Model                              1          2  1.68081062E-02                              1_GWF-(1,1,1)
 Model                              2          1       0.0000000       *                                   
 ----------------------------------------------------------------------------------------------------------


 2 CALLS TO NUMERICAL SOLUTION IN TIME STEP 1 STRESS PERIOD 83
 3 TOTAL ITERATIONS
 
    Solving:  Stress period:    84    Time step:     1
 
1
 STRESS PERIOD NO. 84, LENGTH =   1.000000    
 ------------------------------------------
 NUMBER OF TIME STEPS = 1
 MULTIPLIER FOR DELT =     1.000
 INITIAL TIME STEP SIZE =   1.000000    

 SLN_1 OUTER ITERATION SUMMARY
 ----------------------------------------------------------------------------------------------------------
                                OUTER      INNER                    STEP   MAXIMUM CHANGE MODEL-(CELLID) OR
 OUTER ITERATION STEP       ITERATION  ITERATION  MAXIMUM CHANGE SUCCESS             MODEL-PACKAGE-(NUMBER)
 ----------------------------------------------------------------------------------------------------------
 Model                              1          2  1.66056797E-02                              1_GWF-(1,1,1)
 Model                              2          1       0.0000000       *                                   
 ----------------------------------------------------------------------------------------------------------


 2 CALLS TO NUMERICAL SOLUTION IN TIME STEP 1 STRESS PERIOD 84
 3 TOTAL ITERATIONS
 
    Solving:  Stress period:    85    Time step:     1
 
1
 STRESS PERIOD NO. 85, LENGTH =   1.000000    
 ------------------------------------------
 NUMBER OF TIME STEPS = 1
 MULTIPLIER FOR DELT =     1.000
 INITIAL TIME STEP SIZE =   1.000000    

 SLN_1 OUTER ITERATION SUMMARY
 ----------------------------------------------------------------------------------------------------------
                                OUTER      INNER                    STEP   MAXIMUM CHANGE MODEL-(CELLID) OR
 OUTER ITERATION STEP       ITERATION  ITERATION  MAXIMUM CHANGE SUCCESS             MODEL-PACKAGE-(NUMBER)
 ----------------------------------------------------------------------------------------------------------
 Model                              1          2  1.64014966E-02                              1_GWF-(1,1,1)
 Model                              2          1       0.0000000       *                                   
 ----------------------------------------------------------------------------------------------------------


 2 CALLS TO NUMERICAL SOLUTION IN TIME STEP 1 STRESS PERIOD 85
 3 TOTAL ITERATIONS
 
    Solving:  Stress period:    86    Time step:     1
 
1
 STRESS PERIOD NO. 86, LENGTH =   1.000000    
 ------------------------------------------
 NUMBER OF TIME STEPS = 1
 MULTIPLIER FOR DELT =     1.000
 INITIAL TIME STEP SIZE =   1.000000    

 SLN_1 OUTER ITERATION SUMMARY
 ----------------------------------------------------------------------------------------------------------
                                OUTER      INNER                    STEP   MAXIMUM CHANGE MODEL-(CELLID) OR
 OUTER ITERATION STEP       ITERATION  ITERATION  MAXIMUM CHANGE SUCCESS             MODEL-PACKAGE-(NUMBER)
 ----------------------------------------------------------------------------------------------------------
 Model                              1          2  1.61985082E-02                              1_GWF-(1,1,1)
 Model                              2          1       0.0000000       *                                   
 ----------------------------------------------------------------------------------------------------------


 2 CALLS TO NUMERICAL SOLUTION IN TIME STEP 1 STRESS PERIOD 86
 3 TOTAL ITERATIONS
 
    Solving:  Stress period:    87    Time step:     1
 
1
 STRESS PERIOD NO. 87, LENGTH =   1.000000    
 ------------------------------------------
 NUMBER OF TIME STEPS = 1
 MULTIPLIER FOR DELT =     1.000
 INITIAL TIME STEP SIZE =   1.000000    

 SLN_1 OUTER ITERATION SUMMARY
 ----------------------------------------------------------------------------------------------------------
                                OUTER      INNER                    STEP   MAXIMUM CHANGE MODEL-(CELLID) OR
 OUTER ITERATION STEP       ITERATION  ITERATION  MAXIMUM CHANGE SUCCESS             MODEL-PACKAGE-(NUMBER)
 ----------------------------------------------------------------------------------------------------------
 Model                              1          2  1.59993250E-02                              1_GWF-(1,1,1)
 Model                              2          1       0.0000000       *                                   
 ----------------------------------------------------------------------------------------------------------


 2 CALLS TO NUMERICAL SOLUTION IN TIME STEP 1 STRESS PERIOD 87
 3 TOTAL ITERATIONS
 
    Solving:  Stress period:    88    Time step:     1
 
1
 STRESS PERIOD NO. 88, LENGTH =   1.000000    
 ------------------------------------------
 NUMBER OF TIME STEPS = 1
 MULTIPLIER FOR DELT =     1.000
 INITIAL TIME STEP SIZE =   1.000000    

 SLN_1 OUTER ITERATION SUMMARY
 ----------------------------------------------------------------------------------------------------------
                                OUTER      INNER                    STEP   MAXIMUM CHANGE MODEL-(CELLID) OR
 OUTER ITERATION STEP       ITERATION  ITERATION  MAXIMUM CHANGE SUCCESS             MODEL-PACKAGE-(NUMBER)
 ----------------------------------------------------------------------------------------------------------
 Model                              1          2  1.58052664E-02                              1_GWF-(1,1,1)
 Model                              2          1       0.0000000       *                                   
 ----------------------------------------------------------------------------------------------------------


 2 CALLS TO NUMERICAL SOLUTION IN TIME STEP 1 STRESS PERIOD 88
 3 TOTAL ITERATIONS
 
    Solving:  Stress period:    89    Time step:     1
 
1
 STRESS PERIOD NO. 89, LENGTH =   1.000000    
 ------------------------------------------
 NUMBER OF TIME STEPS = 1
 MULTIPLIER FOR DELT =     1.000
 INITIAL TIME STEP SIZE =   1.000000    

 SLN_1 OUTER ITERATION SUMMARY
 ----------------------------------------------------------------------------------------------------------
                                OUTER      INNER                    STEP   MAXIMUM CHANGE MODEL-(CELLID) OR
 OUTER ITERATION STEP       ITERATION  ITERATION  MAXIMUM CHANGE SUCCESS             MODEL-PACKAGE-(NUMBER)
 ----------------------------------------------------------------------------------------------------------
 Model                              1          2  1.56177994E-02                              1_GWF-(1,1,1)
 Model                              2          1       0.0000000       *                                   
 ----------------------------------------------------------------------------------------------------------


 2 CALLS TO NUMERICAL SOLUTION IN TIME STEP 1 STRESS PERIOD 89
 3 TOTAL ITERATIONS
 
    Solving:  Stress period:    90    Time step:     1
 
1
 STRESS PERIOD NO. 90, LENGTH =   1.000000    
 ------------------------------------------
 NUMBER OF TIME STEPS = 1
 MULTIPLIER FOR DELT =     1.000
 INITIAL TIME STEP SIZE =   1.000000    

 SLN_1 OUTER ITERATION SUMMARY
 ----------------------------------------------------------------------------------------------------------
                                OUTER      INNER                    STEP   MAXIMUM CHANGE MODEL-(CELLID) OR
 OUTER ITERATION STEP       ITERATION  ITERATION  MAXIMUM CHANGE SUCCESS             MODEL-PACKAGE-(NUMBER)
 ----------------------------------------------------------------------------------------------------------
 Model                              1          2  1.54373521E-02                              1_GWF-(1,1,1)
 Model                              2          1 -1.31089638E-06       *                      1_GWF-(1,1,1)
 ----------------------------------------------------------------------------------------------------------


 2 CALLS TO NUMERICAL SOLUTION IN TIME STEP 1 STRESS PERIOD 90
 3 TOTAL ITERATIONS
 
    Solving:  Stress period:    91    Time step:     1
 
1
 STRESS PERIOD NO. 91, LENGTH =   1.000000    
 ------------------------------------------
 NUMBER OF TIME STEPS = 1
 MULTIPLIER FOR DELT =     1.000
 INITIAL TIME STEP SIZE =   1.000000    

 SLN_1 OUTER ITERATION SUMMARY
 ----------------------------------------------------------------------------------------------------------
                                OUTER      INNER                    STEP   MAXIMUM CHANGE MODEL-(CELLID) OR
 OUTER ITERATION STEP       ITERATION  ITERATION  MAXIMUM CHANGE SUCCESS             MODEL-PACKAGE-(NUMBER)
 ----------------------------------------------------------------------------------------------------------
 Model                              1          2  1.52632348E-02                              1_GWF-(1,1,1)
 Model                              2          1       0.0000000       *                                   
 ----------------------------------------------------------------------------------------------------------


 2 CALLS TO NUMERICAL SOLUTION IN TIME STEP 1 STRESS PERIOD 91
 3 TOTAL ITERATIONS
 
    Solving:  Stress period:    92    Time step:     1
 
1
 STRESS PERIOD NO. 92, LENGTH =   1.000000    
 ------------------------------------------
 NUMBER OF TIME STEPS = 1
 MULTIPLIER FOR DELT =     1.000
 INITIAL TIME STEP SIZE =   1.000000    

 SLN_1 OUTER ITERATION SUMMARY
 ----------------------------------------------------------------------------------------------------------
                                OUTER      INNER                    STEP   MAXIMUM CHANGE MODEL-(CELLID) OR
 OUTER ITERATION STEP       ITERATION  ITERATION  MAXIMUM CHANGE SUCCESS             MODEL-PACKAGE-(NUMBER)
 ----------------------------------------------------------------------------------------------------------
 Model                              1          2  1.50982010E-02                              1_GWF-(1,1,1)
 Model                              2          1       0.0000000       *                                   
 ----------------------------------------------------------------------------------------------------------


 2 CALLS TO NUMERICAL SOLUTION IN TIME STEP 1 STRESS PERIOD 92
 3 TOTAL ITERATIONS
 
    Solving:  Stress period:    93    Time step:     1
 
1
 STRESS PERIOD NO. 93, LENGTH =   1.000000    
 ------------------------------------------
 NUMBER OF TIME STEPS = 1
 MULTIPLIER FOR DELT =     1.000
 INITIAL TIME STEP SIZE =   1.000000    

 SLN_1 OUTER ITERATION SUMMARY
 ----------------------------------------------------------------------------------------------------------
                                OUTER      INNER                    STEP   MAXIMUM CHANGE MODEL-(CELLID) OR
 OUTER ITERATION STEP       ITERATION  ITERATION  MAXIMUM CHANGE SUCCESS             MODEL-PACKAGE-(NUMBER)
 ----------------------------------------------------------------------------------------------------------
 Model                              1          2  1.49408442E-02                              1_GWF-(1,1,1)
 Model                              2          1       0.0000000       *                                   
 ----------------------------------------------------------------------------------------------------------


 2 CALLS TO NUMERICAL SOLUTION IN TIME STEP 1 STRESS PERIOD 93
 3 TOTAL ITERATIONS
 
    Solving:  Stress period:    94    Time step:     1
 
1
 STRESS PERIOD NO. 94, LENGTH =   1.000000    
 ------------------------------------------
 NUMBER OF TIME STEPS = 1
 MULTIPLIER FOR DELT =     1.000
 INITIAL TIME STEP SIZE =   1.000000    

 SLN_1 OUTER ITERATION SUMMARY
 ----------------------------------------------------------------------------------------------------------
                                OUTER      INNER                    STEP   MAXIMUM CHANGE MODEL-(CELLID) OR
 OUTER ITERATION STEP       ITERATION  ITERATION  MAXIMUM CHANGE SUCCESS             MODEL-PACKAGE-(NUMBER)
 ----------------------------------------------------------------------------------------------------------
 Model                              1          2  1.47903079E-02                              1_GWF-(1,1,1)
 Model                              2          1       0.0000000       *                                   
 ----------------------------------------------------------------------------------------------------------


 2 CALLS TO NUMERICAL SOLUTION IN TIME STEP 1 STRESS PERIOD 94
 3 TOTAL ITERATIONS
 
    Solving:  Stress period:    95    Time step:     1
 
1
 STRESS PERIOD NO. 95, LENGTH =   1.000000    
 ------------------------------------------
 NUMBER OF TIME STEPS = 1
 MULTIPLIER FOR DELT =     1.000
 INITIAL TIME STEP SIZE =   1.000000    

 SLN_1 OUTER ITERATION SUMMARY
 ----------------------------------------------------------------------------------------------------------
                                OUTER      INNER                    STEP   MAXIMUM CHANGE MODEL-(CELLID) OR
 OUTER ITERATION STEP       ITERATION  ITERATION  MAXIMUM CHANGE SUCCESS             MODEL-PACKAGE-(NUMBER)
 ----------------------------------------------------------------------------------------------------------
 Model                              1          2  1.46463812E-02                              1_GWF-(1,1,1)
 Model                              2          1       0.0000000       *                                   
 ----------------------------------------------------------------------------------------------------------


 2 CALLS TO NUMERICAL SOLUTION IN TIME STEP 1 STRESS PERIOD 95
 3 TOTAL ITERATIONS
 
    Solving:  Stress period:    96    Time step:     1
 
1
 STRESS PERIOD NO. 96, LENGTH =   1.000000    
 ------------------------------------------
 NUMBER OF TIME STEPS = 1
 MULTIPLIER FOR DELT =     1.000
 INITIAL TIME STEP SIZE =   1.000000    

 SLN_1 OUTER ITERATION SUMMARY
 ----------------------------------------------------------------------------------------------------------
                                OUTER      INNER                    STEP   MAXIMUM CHANGE MODEL-(CELLID) OR
 OUTER ITERATION STEP       ITERATION  ITERATION  MAXIMUM CHANGE SUCCESS             MODEL-PACKAGE-(NUMBER)
 ----------------------------------------------------------------------------------------------------------
 Model                              1          2  1.45091822E-02                              1_GWF-(1,1,1)
 Model                              2          1       0.0000000       *                                   
 ----------------------------------------------------------------------------------------------------------


 2 CALLS TO NUMERICAL SOLUTION IN TIME STEP 1 STRESS PERIOD 96
 3 TOTAL ITERATIONS
 
    Solving:  Stress period:    97    Time step:     1
 
1
 STRESS PERIOD NO. 97, LENGTH =   1.000000    
 ------------------------------------------
 NUMBER OF TIME STEPS = 1
 MULTIPLIER FOR DELT =     1.000
 INITIAL TIME STEP SIZE =   1.000000    

 SLN_1 OUTER ITERATION SUMMARY
 ----------------------------------------------------------------------------------------------------------
                                OUTER      INNER                    STEP   MAXIMUM CHANGE MODEL-(CELLID) OR
 OUTER ITERATION STEP       ITERATION  ITERATION  MAXIMUM CHANGE SUCCESS             MODEL-PACKAGE-(NUMBER)
 ----------------------------------------------------------------------------------------------------------
 Model                              1          2  1.43775198E-02                              1_GWF-(1,1,1)
 Model                              2          1       0.0000000       *                                   
 ----------------------------------------------------------------------------------------------------------


 2 CALLS TO NUMERICAL SOLUTION IN TIME STEP 1 STRESS PERIOD 97
 3 TOTAL ITERATIONS
 
    Solving:  Stress period:    98    Time step:     1
 
1
 STRESS PERIOD NO. 98, LENGTH =   1.000000    
 ------------------------------------------
 NUMBER OF TIME STEPS = 1
 MULTIPLIER FOR DELT =     1.000
 INITIAL TIME STEP SIZE =   1.000000    

 SLN_1 OUTER ITERATION SUMMARY
 ----------------------------------------------------------------------------------------------------------
                                OUTER      INNER                    STEP   MAXIMUM CHANGE MODEL-(CELLID) OR
 OUTER ITERATION STEP       ITERATION  ITERATION  MAXIMUM CHANGE SUCCESS             MODEL-PACKAGE-(NUMBER)
 ----------------------------------------------------------------------------------------------------------
 Model                              1          2  1.42515230E-02                              1_GWF-(1,1,1)
 Model                              2          1       0.0000000       *                                   
 ----------------------------------------------------------------------------------------------------------


 2 CALLS TO NUMERICAL SOLUTION IN TIME STEP 1 STRESS PERIOD 98
 3 TOTAL ITERATIONS
 
    Solving:  Stress period:    99    Time step:     1
 
1
 STRESS PERIOD NO. 99, LENGTH =   1.000000    
 ------------------------------------------
 NUMBER OF TIME STEPS = 1
 MULTIPLIER FOR DELT =     1.000
 INITIAL TIME STEP SIZE =   1.000000    

 SLN_1 OUTER ITERATION SUMMARY
 ----------------------------------------------------------------------------------------------------------
                                OUTER      INNER                    STEP   MAXIMUM CHANGE MODEL-(CELLID) OR
 OUTER ITERATION STEP       ITERATION  ITERATION  MAXIMUM CHANGE SUCCESS             MODEL-PACKAGE-(NUMBER)
 ----------------------------------------------------------------------------------------------------------
 Model                              1          2  1.41302285E-02                              1_GWF-(1,1,1)
 Model                              2          1       0.0000000       *                                   
 ----------------------------------------------------------------------------------------------------------


 2 CALLS TO NUMERICAL SOLUTION IN TIME STEP 1 STRESS PERIOD 99
 3 TOTAL ITERATIONS
 
    Solving:  Stress period:   100    Time step:     1
 
1
 STRESS PERIOD NO. 100, LENGTH =   1.000000    
 ------------------------------------------
 NUMBER OF TIME STEPS = 1
 MULTIPLIER FOR DELT =     1.000
 INITIAL TIME STEP SIZE =   1.000000    

 SLN_1 OUTER ITERATION SUMMARY
 ----------------------------------------------------------------------------------------------------------
                                OUTER      INNER                    STEP   MAXIMUM CHANGE MODEL-(CELLID) OR
 OUTER ITERATION STEP       ITERATION  ITERATION  MAXIMUM CHANGE SUCCESS             MODEL-PACKAGE-(NUMBER)
 ----------------------------------------------------------------------------------------------------------
 Model                              1          2  1.40131283E-02                              1_GWF-(1,1,1)
 Model                              2          1       0.0000000       *                                   
 ----------------------------------------------------------------------------------------------------------


 2 CALLS TO NUMERICAL SOLUTION IN TIME STEP 1 STRESS PERIOD 100
 3 TOTAL ITERATIONS
 
    Solving:  Stress period:   101    Time step:     1
 
1
 STRESS PERIOD NO. 101, LENGTH =   1.000000    
 ------------------------------------------
 NUMBER OF TIME STEPS = 1
 MULTIPLIER FOR DELT =     1.000
 INITIAL TIME STEP SIZE =   1.000000    

 SLN_1 OUTER ITERATION SUMMARY
 ----------------------------------------------------------------------------------------------------------
                                OUTER      INNER                    STEP   MAXIMUM CHANGE MODEL-(CELLID) OR
 OUTER ITERATION STEP       ITERATION  ITERATION  MAXIMUM CHANGE SUCCESS             MODEL-PACKAGE-(NUMBER)
 ----------------------------------------------------------------------------------------------------------
 Model                              1          2  1.39003658E-02                              1_GWF-(1,1,1)
 Model                              2          1       0.0000000       *                                   
 ----------------------------------------------------------------------------------------------------------


 2 CALLS TO NUMERICAL SOLUTION IN TIME STEP 1 STRESS PERIOD 101
 3 TOTAL ITERATIONS
 
    Solving:  Stress period:   102    Time step:     1
 
1
 STRESS PERIOD NO. 102, LENGTH =   1.000000    
 ------------------------------------------
 NUMBER OF TIME STEPS = 1
 MULTIPLIER FOR DELT =     1.000
 INITIAL TIME STEP SIZE =   1.000000    

 SLN_1 OUTER ITERATION SUMMARY
 ----------------------------------------------------------------------------------------------------------
                                OUTER      INNER                    STEP   MAXIMUM CHANGE MODEL-(CELLID) OR
 OUTER ITERATION STEP       ITERATION  ITERATION  MAXIMUM CHANGE SUCCESS             MODEL-PACKAGE-(NUMBER)
 ----------------------------------------------------------------------------------------------------------
 Model                              1          2  1.37909991E-02                              1_GWF-(1,1,1)
 Model                              2          1       0.0000000       *                                   
 ----------------------------------------------------------------------------------------------------------


 2 CALLS TO NUMERICAL SOLUTION IN TIME STEP 1 STRESS PERIOD 102
 3 TOTAL ITERATIONS
 
    Solving:  Stress period:   103    Time step:     1
 
1
 STRESS PERIOD NO. 103, LENGTH =   1.000000    
 ------------------------------------------
 NUMBER OF TIME STEPS = 1
 MULTIPLIER FOR DELT =     1.000
 INITIAL TIME STEP SIZE =   1.000000    

 SLN_1 OUTER ITERATION SUMMARY
 ----------------------------------------------------------------------------------------------------------
                                OUTER      INNER                    STEP   MAXIMUM CHANGE MODEL-(CELLID) OR
 OUTER ITERATION STEP       ITERATION  ITERATION  MAXIMUM CHANGE SUCCESS             MODEL-PACKAGE-(NUMBER)
 ----------------------------------------------------------------------------------------------------------
 Model                              1          2  1.36846490E-02                              1_GWF-(1,1,1)
 Model                              2          1       0.0000000       *                                   
 ----------------------------------------------------------------------------------------------------------


 2 CALLS TO NUMERICAL SOLUTION IN TIME STEP 1 STRESS PERIOD 103
 3 TOTAL ITERATIONS
 
    Solving:  Stress period:   104    Time step:     1
 
1
 STRESS PERIOD NO. 104, LENGTH =   1.000000    
 ------------------------------------------
 NUMBER OF TIME STEPS = 1
 MULTIPLIER FOR DELT =     1.000
 INITIAL TIME STEP SIZE =   1.000000    

 SLN_1 OUTER ITERATION SUMMARY
 ----------------------------------------------------------------------------------------------------------
                                OUTER      INNER                    STEP   MAXIMUM CHANGE MODEL-(CELLID) OR
 OUTER ITERATION STEP       ITERATION  ITERATION  MAXIMUM CHANGE SUCCESS             MODEL-PACKAGE-(NUMBER)
 ----------------------------------------------------------------------------------------------------------
 Model                              1          2  1.35813717E-02                              1_GWF-(1,1,1)
 Model                              2          1  9.33075377E-07       *                      1_GWF-(1,1,1)
 ----------------------------------------------------------------------------------------------------------


 2 CALLS TO NUMERICAL SOLUTION IN TIME STEP 1 STRESS PERIOD 104
 3 TOTAL ITERATIONS
 
    Solving:  Stress period:   105    Time step:     1
 
1
 STRESS PERIOD NO. 105, LENGTH =   1.000000    
 ------------------------------------------
 NUMBER OF TIME STEPS = 1
 MULTIPLIER FOR DELT =     1.000
 INITIAL TIME STEP SIZE =   1.000000    

 SLN_1 OUTER ITERATION SUMMARY
 ----------------------------------------------------------------------------------------------------------
                                OUTER      INNER                    STEP   MAXIMUM CHANGE MODEL-(CELLID) OR
 OUTER ITERATION STEP       ITERATION  ITERATION  MAXIMUM CHANGE SUCCESS             MODEL-PACKAGE-(NUMBER)
 ----------------------------------------------------------------------------------------------------------
 Model                              1          2  1.34814589E-02                              1_GWF-(1,1,1)
 Model                              2          1       0.0000000       *                                   
 ----------------------------------------------------------------------------------------------------------


 2 CALLS TO NUMERICAL SOLUTION IN TIME STEP 1 STRESS PERIOD 105
 3 TOTAL ITERATIONS
 
    Solving:  Stress period:   106    Time step:     1
 
1
 STRESS PERIOD NO. 106, LENGTH =   1.000000    
 ------------------------------------------
 NUMBER OF TIME STEPS = 1
 MULTIPLIER FOR DELT =     1.000
 INITIAL TIME STEP SIZE =   1.000000    

 SLN_1 OUTER ITERATION SUMMARY
 ----------------------------------------------------------------------------------------------------------
                                OUTER      INNER                    STEP   MAXIMUM CHANGE MODEL-(CELLID) OR
 OUTER ITERATION STEP       ITERATION  ITERATION  MAXIMUM CHANGE SUCCESS             MODEL-PACKAGE-(NUMBER)
 ----------------------------------------------------------------------------------------------------------
 Model                              1          2  1.33829354E-02                              1_GWF-(1,1,1)
 Model                              2          1       0.0000000       *                                   
 ----------------------------------------------------------------------------------------------------------


 2 CALLS TO NUMERICAL SOLUTION IN TIME STEP 1 STRESS PERIOD 106
 3 TOTAL ITERATIONS
 
    Solving:  Stress period:   107    Time step:     1
 
1
 STRESS PERIOD NO. 107, LENGTH =   1.000000    
 ------------------------------------------
 NUMBER OF TIME STEPS = 1
 MULTIPLIER FOR DELT =     1.000
 INITIAL TIME STEP SIZE =   1.000000    

 SLN_1 OUTER ITERATION SUMMARY
 ----------------------------------------------------------------------------------------------------------
                                OUTER      INNER                    STEP   MAXIMUM CHANGE MODEL-(CELLID) OR
 OUTER ITERATION STEP       ITERATION  ITERATION  MAXIMUM CHANGE SUCCESS             MODEL-PACKAGE-(NUMBER)
 ----------------------------------------------------------------------------------------------------------
 Model                              1          2  1.32861515E-02                              1_GWF-(1,1,1)
 Model                              2          1       0.0000000       *                                   
 ----------------------------------------------------------------------------------------------------------


 2 CALLS TO NUMERICAL SOLUTION IN TIME STEP 1 STRESS PERIOD 107
 3 TOTAL ITERATIONS
 
    Solving:  Stress period:   108    Time step:     1
 
1
 STRESS PERIOD NO. 108, LENGTH =   1.000000    
 ------------------------------------------
 NUMBER OF TIME STEPS = 1
 MULTIPLIER FOR DELT =     1.000
 INITIAL TIME STEP SIZE =   1.000000    

 SLN_1 OUTER ITERATION SUMMARY
 ----------------------------------------------------------------------------------------------------------
                                OUTER      INNER                    STEP   MAXIMUM CHANGE MODEL-(CELLID) OR
 OUTER ITERATION STEP       ITERATION  ITERATION  MAXIMUM CHANGE SUCCESS             MODEL-PACKAGE-(NUMBER)
 ----------------------------------------------------------------------------------------------------------
 Model                              1          2  1.31914059E-02                              1_GWF-(1,1,1)
 Model                              2          1       0.0000000       *                                   
 ----------------------------------------------------------------------------------------------------------


 2 CALLS TO NUMERICAL SOLUTION IN TIME STEP 1 STRESS PERIOD 108
 3 TOTAL ITERATIONS
 
    Solving:  Stress period:   109    Time step:     1
 
1
 STRESS PERIOD NO. 109, LENGTH =   1.000000    
 ------------------------------------------
 NUMBER OF TIME STEPS = 1
 MULTIPLIER FOR DELT =     1.000
 INITIAL TIME STEP SIZE =   1.000000    

 SLN_1 OUTER ITERATION SUMMARY
 ----------------------------------------------------------------------------------------------------------
                                OUTER      INNER                    STEP   MAXIMUM CHANGE MODEL-(CELLID) OR
 OUTER ITERATION STEP       ITERATION  ITERATION  MAXIMUM CHANGE SUCCESS             MODEL-PACKAGE-(NUMBER)
 ----------------------------------------------------------------------------------------------------------
 Model                              1          2  1.30982367E-02                              1_GWF-(1,1,1)
 Model                              2          1       0.0000000       *                                   
 ----------------------------------------------------------------------------------------------------------


 2 CALLS TO NUMERICAL SOLUTION IN TIME STEP 1 STRESS PERIOD 109
 3 TOTAL ITERATIONS
 
    Solving:  Stress period:   110    Time step:     1
 
1
 STRESS PERIOD NO. 110, LENGTH =   1.000000    
 ------------------------------------------
 NUMBER OF TIME STEPS = 1
 MULTIPLIER FOR DELT =     1.000
 INITIAL TIME STEP SIZE =   1.000000    

 SLN_1 OUTER ITERATION SUMMARY
 ----------------------------------------------------------------------------------------------------------
                                OUTER      INNER                    STEP   MAXIMUM CHANGE MODEL-(CELLID) OR
 OUTER ITERATION STEP       ITERATION  ITERATION  MAXIMUM CHANGE SUCCESS             MODEL-PACKAGE-(NUMBER)
 ----------------------------------------------------------------------------------------------------------
 Model                              1          2  1.30061862E-02                              1_GWF-(1,1,1)
 Model                              2          1       0.0000000       *                                   
 ----------------------------------------------------------------------------------------------------------


 2 CALLS TO NUMERICAL SOLUTION IN TIME STEP 1 STRESS PERIOD 110
 3 TOTAL ITERATIONS
 
    Solving:  Stress period:   111    Time step:     1
 
1
 STRESS PERIOD NO. 111, LENGTH =   1.000000    
 ------------------------------------------
 NUMBER OF TIME STEPS = 1
 MULTIPLIER FOR DELT =     1.000
 INITIAL TIME STEP SIZE =   1.000000    

 SLN_1 OUTER ITERATION SUMMARY
 ----------------------------------------------------------------------------------------------------------
                                OUTER      INNER                    STEP   MAXIMUM CHANGE MODEL-(CELLID) OR
 OUTER ITERATION STEP       ITERATION  ITERATION  MAXIMUM CHANGE SUCCESS             MODEL-PACKAGE-(NUMBER)
 ----------------------------------------------------------------------------------------------------------
 Model                              1          2  1.29156727E-02                              1_GWF-(1,1,1)
 Model                              2          1       0.0000000       *                                   
 ----------------------------------------------------------------------------------------------------------


 2 CALLS TO NUMERICAL SOLUTION IN TIME STEP 1 STRESS PERIOD 111
 3 TOTAL ITERATIONS
 
    Solving:  Stress period:   112    Time step:     1
 
1
 STRESS PERIOD NO. 112, LENGTH =   1.000000    
 ------------------------------------------
 NUMBER OF TIME STEPS = 1
 MULTIPLIER FOR DELT =     1.000
 INITIAL TIME STEP SIZE =   1.000000    

 SLN_1 OUTER ITERATION SUMMARY
 ----------------------------------------------------------------------------------------------------------
                                OUTER      INNER                    STEP   MAXIMUM CHANGE MODEL-(CELLID) OR
 OUTER ITERATION STEP       ITERATION  ITERATION  MAXIMUM CHANGE SUCCESS             MODEL-PACKAGE-(NUMBER)
 ----------------------------------------------------------------------------------------------------------
 Model                              1          2  1.28262427E-02                              1_GWF-(1,1,1)
 Model                              2          1       0.0000000       *                                   
 ----------------------------------------------------------------------------------------------------------


 2 CALLS TO NUMERICAL SOLUTION IN TIME STEP 1 STRESS PERIOD 112
 3 TOTAL ITERATIONS
 
    Solving:  Stress period:   113    Time step:     1
 
1
 STRESS PERIOD NO. 113, LENGTH =   1.000000    
 ------------------------------------------
 NUMBER OF TIME STEPS = 1
 MULTIPLIER FOR DELT =     1.000
 INITIAL TIME STEP SIZE =   1.000000    

 SLN_1 OUTER ITERATION SUMMARY
 ----------------------------------------------------------------------------------------------------------
                                OUTER      INNER                    STEP   MAXIMUM CHANGE MODEL-(CELLID) OR
 OUTER ITERATION STEP       ITERATION  ITERATION  MAXIMUM CHANGE SUCCESS             MODEL-PACKAGE-(NUMBER)
 ----------------------------------------------------------------------------------------------------------
 Model                              1          2  1.27379907E-02                              1_GWF-(1,1,1)
 Model                              2          1       0.0000000       *                                   
 ----------------------------------------------------------------------------------------------------------


 2 CALLS TO NUMERICAL SOLUTION IN TIME STEP 1 STRESS PERIOD 113
 3 TOTAL ITERATIONS
 
    Solving:  Stress period:   114    Time step:     1
 
1
 STRESS PERIOD NO. 114, LENGTH =   1.000000    
 ------------------------------------------
 NUMBER OF TIME STEPS = 1
 MULTIPLIER FOR DELT =     1.000
 INITIAL TIME STEP SIZE =   1.000000    

 SLN_1 OUTER ITERATION SUMMARY
 ----------------------------------------------------------------------------------------------------------
                                OUTER      INNER                    STEP   MAXIMUM CHANGE MODEL-(CELLID) OR
 OUTER ITERATION STEP       ITERATION  ITERATION  MAXIMUM CHANGE SUCCESS             MODEL-PACKAGE-(NUMBER)
 ----------------------------------------------------------------------------------------------------------
 Model                              1          2  1.26506854E-02                              1_GWF-(1,1,1)
 Model                              2          1       0.0000000       *                                   
 ----------------------------------------------------------------------------------------------------------


 2 CALLS TO NUMERICAL SOLUTION IN TIME STEP 1 STRESS PERIOD 114
 3 TOTAL ITERATIONS
 
    Solving:  Stress period:   115    Time step:     1
 
1
 STRESS PERIOD NO. 115, LENGTH =   1.000000    
 ------------------------------------------
 NUMBER OF TIME STEPS = 1
 MULTIPLIER FOR DELT =     1.000
 INITIAL TIME STEP SIZE =   1.000000    

 SLN_1 OUTER ITERATION SUMMARY
 ----------------------------------------------------------------------------------------------------------
                                OUTER      INNER                    STEP   MAXIMUM CHANGE MODEL-(CELLID) OR
 OUTER ITERATION STEP       ITERATION  ITERATION  MAXIMUM CHANGE SUCCESS             MODEL-PACKAGE-(NUMBER)
 ----------------------------------------------------------------------------------------------------------
 Model                              1          2  1.25642052E-02                              1_GWF-(1,1,1)
 Model                              2          1       0.0000000       *                                   
 ----------------------------------------------------------------------------------------------------------


 2 CALLS TO NUMERICAL SOLUTION IN TIME STEP 1 STRESS PERIOD 115
 3 TOTAL ITERATIONS
 
    Solving:  Stress period:   116    Time step:     1
 
1
 STRESS PERIOD NO. 116, LENGTH =   1.000000    
 ------------------------------------------
 NUMBER OF TIME STEPS = 1
 MULTIPLIER FOR DELT =     1.000
 INITIAL TIME STEP SIZE =   1.000000    

 SLN_1 OUTER ITERATION SUMMARY
 ----------------------------------------------------------------------------------------------------------
                                OUTER      INNER                    STEP   MAXIMUM CHANGE MODEL-(CELLID) OR
 OUTER ITERATION STEP       ITERATION  ITERATION  MAXIMUM CHANGE SUCCESS             MODEL-PACKAGE-(NUMBER)
 ----------------------------------------------------------------------------------------------------------
 Model                              1          2  1.24785430E-02                              1_GWF-(1,1,1)
 Model                              2          1       0.0000000       *                                   
 ----------------------------------------------------------------------------------------------------------


 2 CALLS TO NUMERICAL SOLUTION IN TIME STEP 1 STRESS PERIOD 116
 3 TOTAL ITERATIONS
 
    Solving:  Stress period:   117    Time step:     1
 
1
 STRESS PERIOD NO. 117, LENGTH =   1.000000    
 ------------------------------------------
 NUMBER OF TIME STEPS = 1
 MULTIPLIER FOR DELT =     1.000
 INITIAL TIME STEP SIZE =   1.000000    

 SLN_1 OUTER ITERATION SUMMARY
 ----------------------------------------------------------------------------------------------------------
                                OUTER      INNER                    STEP   MAXIMUM CHANGE MODEL-(CELLID) OR
 OUTER ITERATION STEP       ITERATION  ITERATION  MAXIMUM CHANGE SUCCESS             MODEL-PACKAGE-(NUMBER)
 ----------------------------------------------------------------------------------------------------------
 Model                              1          2  1.23939061E-02                              1_GWF-(1,1,1)
 Model                              2          1       0.0000000       *                                   
 ----------------------------------------------------------------------------------------------------------


 2 CALLS TO NUMERICAL SOLUTION IN TIME STEP 1 STRESS PERIOD 117
 3 TOTAL ITERATIONS
 
    Solving:  Stress period:   118    Time step:     1
 
1
 STRESS PERIOD NO. 118, LENGTH =   1.000000    
 ------------------------------------------
 NUMBER OF TIME STEPS = 1
 MULTIPLIER FOR DELT =     1.000
 INITIAL TIME STEP SIZE =   1.000000    

 SLN_1 OUTER ITERATION SUMMARY
 ----------------------------------------------------------------------------------------------------------
                                OUTER      INNER                    STEP   MAXIMUM CHANGE MODEL-(CELLID) OR
 OUTER ITERATION STEP       ITERATION  ITERATION  MAXIMUM CHANGE SUCCESS             MODEL-PACKAGE-(NUMBER)
 ----------------------------------------------------------------------------------------------------------
 Model                              1          2  1.23099583E-02                              1_GWF-(1,1,1)
 Model                              2          1       0.0000000       *                                   
 ----------------------------------------------------------------------------------------------------------


 2 CALLS TO NUMERICAL SOLUTION IN TIME STEP 1 STRESS PERIOD 118
 3 TOTAL ITERATIONS
 
    Solving:  Stress period:   119    Time step:     1
 
1
 STRESS PERIOD NO. 119, LENGTH =   1.000000    
 ------------------------------------------
 NUMBER OF TIME STEPS = 1
 MULTIPLIER FOR DELT =     1.000
 INITIAL TIME STEP SIZE =   1.000000    

 SLN_1 OUTER ITERATION SUMMARY
 ----------------------------------------------------------------------------------------------------------
                                OUTER      INNER                    STEP   MAXIMUM CHANGE MODEL-(CELLID) OR
 OUTER ITERATION STEP       ITERATION  ITERATION  MAXIMUM CHANGE SUCCESS             MODEL-PACKAGE-(NUMBER)
 ----------------------------------------------------------------------------------------------------------
 Model                              1          2  1.22265845E-02                              1_GWF-(1,1,1)
 Model                              2          1  7.90090027E-04       *                      1_GWF-(1,1,1)
 ----------------------------------------------------------------------------------------------------------


 2 CALLS TO NUMERICAL SOLUTION IN TIME STEP 1 STRESS PERIOD 119
 3 TOTAL ITERATIONS
 
    Solving:  Stress period:   120    Time step:     1
 
1
 STRESS PERIOD NO. 120, LENGTH =   1.000000    
 ------------------------------------------
 NUMBER OF TIME STEPS = 1
 MULTIPLIER FOR DELT =     1.000
 INITIAL TIME STEP SIZE =   1.000000    

 SLN_1 OUTER ITERATION SUMMARY
 ----------------------------------------------------------------------------------------------------------
                                OUTER      INNER                    STEP   MAXIMUM CHANGE MODEL-(CELLID) OR
 OUTER ITERATION STEP       ITERATION  ITERATION  MAXIMUM CHANGE SUCCESS             MODEL-PACKAGE-(NUMBER)
 ----------------------------------------------------------------------------------------------------------
 Model                              1          2  1.28840125E-02                              1_GWF-(1,1,1)
 Model                              2          1       0.0000000       *                                   
 ----------------------------------------------------------------------------------------------------------


 2 CALLS TO NUMERICAL SOLUTION IN TIME STEP 1 STRESS PERIOD 120
 3 TOTAL ITERATIONS
 
    Solving:  Stress period:   121    Time step:     1
 
1
 STRESS PERIOD NO. 121, LENGTH =   1.000000    
 ------------------------------------------
 NUMBER OF TIME STEPS = 1
 MULTIPLIER FOR DELT =     1.000
 INITIAL TIME STEP SIZE =   1.000000    

 SLN_1 OUTER ITERATION SUMMARY
 ----------------------------------------------------------------------------------------------------------
                                OUTER      INNER                    STEP   MAXIMUM CHANGE MODEL-(CELLID) OR
 OUTER ITERATION STEP       ITERATION  ITERATION  MAXIMUM CHANGE SUCCESS             MODEL-PACKAGE-(NUMBER)
 ----------------------------------------------------------------------------------------------------------
 Model                              1          2  1.27221327E-02                              1_GWF-(1,1,1)
 Model                              2          1       0.0000000       *                                   
 ----------------------------------------------------------------------------------------------------------


 2 CALLS TO NUMERICAL SOLUTION IN TIME STEP 1 STRESS PERIOD 121
 3 TOTAL ITERATIONS
 
    Solving:  Stress period:   122    Time step:     1
 
1
 STRESS PERIOD NO. 122, LENGTH =   1.000000    
 ------------------------------------------
 NUMBER OF TIME STEPS = 1
 MULTIPLIER FOR DELT =     1.000
 INITIAL TIME STEP SIZE =   1.000000    

 SLN_1 OUTER ITERATION SUMMARY
 ----------------------------------------------------------------------------------------------------------
                                OUTER      INNER                    STEP   MAXIMUM CHANGE MODEL-(CELLID) OR
 OUTER ITERATION STEP       ITERATION  ITERATION  MAXIMUM CHANGE SUCCESS             MODEL-PACKAGE-(NUMBER)
 ----------------------------------------------------------------------------------------------------------
 Model                              1          2  1.25688174E-02                              1_GWF-(1,1,1)
 Model                              2          1       0.0000000       *                                   
 ----------------------------------------------------------------------------------------------------------


 2 CALLS TO NUMERICAL SOLUTION IN TIME STEP 1 STRESS PERIOD 122
 3 TOTAL ITERATIONS
 
    Solving:  Stress period:   123    Time step:     1
 
1
 STRESS PERIOD NO. 123, LENGTH =   1.000000    
 ------------------------------------------
 NUMBER OF TIME STEPS = 1
 MULTIPLIER FOR DELT =     1.000
 INITIAL TIME STEP SIZE =   1.000000    

 SLN_1 OUTER ITERATION SUMMARY
 ----------------------------------------------------------------------------------------------------------
                                OUTER      INNER                    STEP   MAXIMUM CHANGE MODEL-(CELLID) OR
 OUTER ITERATION STEP       ITERATION  ITERATION  MAXIMUM CHANGE SUCCESS             MODEL-PACKAGE-(NUMBER)
 ----------------------------------------------------------------------------------------------------------
 Model                              1          2  1.24246129E-02                              1_GWF-(1,1,1)
 Model                              2          1       0.0000000       *                                   
 ----------------------------------------------------------------------------------------------------------


 2 CALLS TO NUMERICAL SOLUTION IN TIME STEP 1 STRESS PERIOD 123
 3 TOTAL ITERATIONS
 
    Solving:  Stress period:   124    Time step:     1
 
1
 STRESS PERIOD NO. 124, LENGTH =   1.000000    
 ------------------------------------------
 NUMBER OF TIME STEPS = 1
 MULTIPLIER FOR DELT =     1.000
 INITIAL TIME STEP SIZE =   1.000000    

 SLN_1 OUTER ITERATION SUMMARY
 ----------------------------------------------------------------------------------------------------------
                                OUTER      INNER                    STEP   MAXIMUM CHANGE MODEL-(CELLID) OR
 OUTER ITERATION STEP       ITERATION  ITERATION  MAXIMUM CHANGE SUCCESS             MODEL-PACKAGE-(NUMBER)
 ----------------------------------------------------------------------------------------------------------
 Model                              1          2  1.22898662E-02                              1_GWF-(1,1,1)
 Model                              2          1       0.0000000       *                                   
 ----------------------------------------------------------------------------------------------------------


 2 CALLS TO NUMERICAL SOLUTION IN TIME STEP 1 STRESS PERIOD 124
 3 TOTAL ITERATIONS
 
    Solving:  Stress period:   125    Time step:     1
 
1
 STRESS PERIOD NO. 125, LENGTH =   1.000000    
 ------------------------------------------
 NUMBER OF TIME STEPS = 1
 MULTIPLIER FOR DELT =     1.000
 INITIAL TIME STEP SIZE =   1.000000    

 SLN_1 OUTER ITERATION SUMMARY
 ----------------------------------------------------------------------------------------------------------
                                OUTER      INNER                    STEP   MAXIMUM CHANGE MODEL-(CELLID) OR
 OUTER ITERATION STEP       ITERATION  ITERATION  MAXIMUM CHANGE SUCCESS             MODEL-PACKAGE-(NUMBER)
 ----------------------------------------------------------------------------------------------------------
 Model                              1          2  1.21641276E-02                              1_GWF-(1,1,1)
 Model                              2          1       0.0000000       *                                   
 ----------------------------------------------------------------------------------------------------------


 2 CALLS TO NUMERICAL SOLUTION IN TIME STEP 1 STRESS PERIOD 125
 3 TOTAL ITERATIONS
 
    Solving:  Stress period:   126    Time step:     1
 
1
 STRESS PERIOD NO. 126, LENGTH =   1.000000    
 ------------------------------------------
 NUMBER OF TIME STEPS = 1
 MULTIPLIER FOR DELT =     1.000
 INITIAL TIME STEP SIZE =   1.000000    

 SLN_1 OUTER ITERATION SUMMARY
 ----------------------------------------------------------------------------------------------------------
                                OUTER      INNER                    STEP   MAXIMUM CHANGE MODEL-(CELLID) OR
 OUTER ITERATION STEP       ITERATION  ITERATION  MAXIMUM CHANGE SUCCESS             MODEL-PACKAGE-(NUMBER)
 ----------------------------------------------------------------------------------------------------------
 Model                              1          2  1.20464832E-02                              1_GWF-(1,1,1)
 Model                              2          1       0.0000000       *                                   
 ----------------------------------------------------------------------------------------------------------


 2 CALLS TO NUMERICAL SOLUTION IN TIME STEP 1 STRESS PERIOD 126
 3 TOTAL ITERATIONS
 
    Solving:  Stress period:   127    Time step:     1
 
1
 STRESS PERIOD NO. 127, LENGTH =   1.000000    
 ------------------------------------------
 NUMBER OF TIME STEPS = 1
 MULTIPLIER FOR DELT =     1.000
 INITIAL TIME STEP SIZE =   1.000000    

 SLN_1 OUTER ITERATION SUMMARY
 ----------------------------------------------------------------------------------------------------------
                                OUTER      INNER                    STEP   MAXIMUM CHANGE MODEL-(CELLID) OR
 OUTER ITERATION STEP       ITERATION  ITERATION  MAXIMUM CHANGE SUCCESS             MODEL-PACKAGE-(NUMBER)
 ----------------------------------------------------------------------------------------------------------
 Model                              1          2  1.19362503E-02                              1_GWF-(1,1,1)
 Model                              2          1  5.63152002E-04       *                      1_GWF-(1,1,1)
 ----------------------------------------------------------------------------------------------------------


 2 CALLS TO NUMERICAL SOLUTION IN TIME STEP 1 STRESS PERIOD 127
 3 TOTAL ITERATIONS
 
    Solving:  Stress period:   128    Time step:     1
 
1
 STRESS PERIOD NO. 128, LENGTH =   1.000000    
 ------------------------------------------
 NUMBER OF TIME STEPS = 1
 MULTIPLIER FOR DELT =     1.000
 INITIAL TIME STEP SIZE =   1.000000    

 SLN_1 OUTER ITERATION SUMMARY
 ----------------------------------------------------------------------------------------------------------
                                OUTER      INNER                    STEP   MAXIMUM CHANGE MODEL-(CELLID) OR
 OUTER ITERATION STEP       ITERATION  ITERATION  MAXIMUM CHANGE SUCCESS             MODEL-PACKAGE-(NUMBER)
 ----------------------------------------------------------------------------------------------------------
 Model                              1          2  1.23448701E-02                              1_GWF-(1,1,1)
 Model                              2          1       0.0000000       *                                   
 ----------------------------------------------------------------------------------------------------------


 2 CALLS TO NUMERICAL SOLUTION IN TIME STEP 1 STRESS PERIOD 128
 3 TOTAL ITERATIONS
 
    Solving:  Stress period:   129    Time step:     1
 
1
 STRESS PERIOD NO. 129, LENGTH =   1.000000    
 ------------------------------------------
 NUMBER OF TIME STEPS = 1
 MULTIPLIER FOR DELT =     1.000
 INITIAL TIME STEP SIZE =   1.000000    

 SLN_1 OUTER ITERATION SUMMARY
 ----------------------------------------------------------------------------------------------------------
                                OUTER      INNER                    STEP   MAXIMUM CHANGE MODEL-(CELLID) OR
 OUTER ITERATION STEP       ITERATION  ITERATION  MAXIMUM CHANGE SUCCESS             MODEL-PACKAGE-(NUMBER)
 ----------------------------------------------------------------------------------------------------------
 Model                              1          2  1.21667022E-02                              1_GWF-(1,1,1)
 Model                              2          1       0.0000000       *                                   
 ----------------------------------------------------------------------------------------------------------


 2 CALLS TO NUMERICAL SOLUTION IN TIME STEP 1 STRESS PERIOD 129
 3 TOTAL ITERATIONS
 
    Solving:  Stress period:   130    Time step:     1
 
1
 STRESS PERIOD NO. 130, LENGTH =   1.000000    
 ------------------------------------------
 NUMBER OF TIME STEPS = 1
 MULTIPLIER FOR DELT =     1.000
 INITIAL TIME STEP SIZE =   1.000000    

 SLN_1 OUTER ITERATION SUMMARY
 ----------------------------------------------------------------------------------------------------------
                                OUTER      INNER                    STEP   MAXIMUM CHANGE MODEL-(CELLID) OR
 OUTER ITERATION STEP       ITERATION  ITERATION  MAXIMUM CHANGE SUCCESS             MODEL-PACKAGE-(NUMBER)
 ----------------------------------------------------------------------------------------------------------
 Model                              1          2  1.20031313E-02                              1_GWF-(1,1,1)
 Model                              2          1       0.0000000       *                                   
 ----------------------------------------------------------------------------------------------------------


 2 CALLS TO NUMERICAL SOLUTION IN TIME STEP 1 STRESS PERIOD 130
 3 TOTAL ITERATIONS
 
    Solving:  Stress period:   131    Time step:     1
 
1
 STRESS PERIOD NO. 131, LENGTH =   1.000000    
 ------------------------------------------
 NUMBER OF TIME STEPS = 1
 MULTIPLIER FOR DELT =     1.000
 INITIAL TIME STEP SIZE =   1.000000    

 SLN_1 OUTER ITERATION SUMMARY
 ----------------------------------------------------------------------------------------------------------
                                OUTER      INNER                    STEP   MAXIMUM CHANGE MODEL-(CELLID) OR
 OUTER ITERATION STEP       ITERATION  ITERATION  MAXIMUM CHANGE SUCCESS             MODEL-PACKAGE-(NUMBER)
 ----------------------------------------------------------------------------------------------------------
 Model                              1          2  1.18538794E-02                              1_GWF-(1,1,1)
 Model                              2          1       0.0000000       *                                   
 ----------------------------------------------------------------------------------------------------------


 2 CALLS TO NUMERICAL SOLUTION IN TIME STEP 1 STRESS PERIOD 131
 3 TOTAL ITERATIONS
 
    Solving:  Stress period:   132    Time step:     1
 
1
 STRESS PERIOD NO. 132, LENGTH =   1.000000    
 ------------------------------------------
 NUMBER OF TIME STEPS = 1
 MULTIPLIER FOR DELT =     1.000
 INITIAL TIME STEP SIZE =   1.000000    

 SLN_1 OUTER ITERATION SUMMARY
 ----------------------------------------------------------------------------------------------------------
                                OUTER      INNER                    STEP   MAXIMUM CHANGE MODEL-(CELLID) OR
 OUTER ITERATION STEP       ITERATION  ITERATION  MAXIMUM CHANGE SUCCESS             MODEL-PACKAGE-(NUMBER)
 ----------------------------------------------------------------------------------------------------------
 Model                              1          2  1.17179253E-02                              1_GWF-(1,1,1)
 Model                              2          1       0.0000000       *                                   
 ----------------------------------------------------------------------------------------------------------


 2 CALLS TO NUMERICAL SOLUTION IN TIME STEP 1 STRESS PERIOD 132
 3 TOTAL ITERATIONS
 
    Solving:  Stress period:   133    Time step:     1
 
1
 STRESS PERIOD NO. 133, LENGTH =   1.000000    
 ------------------------------------------
 NUMBER OF TIME STEPS = 1
 MULTIPLIER FOR DELT =     1.000
 INITIAL TIME STEP SIZE =   1.000000    

 SLN_1 OUTER ITERATION SUMMARY
 ----------------------------------------------------------------------------------------------------------
                                OUTER      INNER                    STEP   MAXIMUM CHANGE MODEL-(CELLID) OR
 OUTER ITERATION STEP       ITERATION  ITERATION  MAXIMUM CHANGE SUCCESS             MODEL-PACKAGE-(NUMBER)
 ----------------------------------------------------------------------------------------------------------
 Model                              1          2  1.15935554E-02                              1_GWF-(1,1,1)
 Model                              2          1       0.0000000       *                                   
 ----------------------------------------------------------------------------------------------------------


 2 CALLS TO NUMERICAL SOLUTION IN TIME STEP 1 STRESS PERIOD 133
 3 TOTAL ITERATIONS
 
    Solving:  Stress period:   134    Time step:     1
 
1
 STRESS PERIOD NO. 134, LENGTH =   1.000000    
 ------------------------------------------
 NUMBER OF TIME STEPS = 1
 MULTIPLIER FOR DELT =     1.000
 INITIAL TIME STEP SIZE =   1.000000    

 SLN_1 OUTER ITERATION SUMMARY
 ----------------------------------------------------------------------------------------------------------
                                OUTER      INNER                    STEP   MAXIMUM CHANGE MODEL-(CELLID) OR
 OUTER ITERATION STEP       ITERATION  ITERATION  MAXIMUM CHANGE SUCCESS             MODEL-PACKAGE-(NUMBER)
 ----------------------------------------------------------------------------------------------------------
 Model                              1          2  1.14796784E-02                              1_GWF-(1,1,1)
 Model                              2          1       0.0000000       *                                   
 ----------------------------------------------------------------------------------------------------------


 2 CALLS TO NUMERICAL SOLUTION IN TIME STEP 1 STRESS PERIOD 134
 3 TOTAL ITERATIONS
 
    Solving:  Stress period:   135    Time step:     1
 
1
 STRESS PERIOD NO. 135, LENGTH =   1.000000    
 ------------------------------------------
 NUMBER OF TIME STEPS = 1
 MULTIPLIER FOR DELT =     1.000
 INITIAL TIME STEP SIZE =   1.000000    

 SLN_1 OUTER ITERATION SUMMARY
 ----------------------------------------------------------------------------------------------------------
                                OUTER      INNER                    STEP   MAXIMUM CHANGE MODEL-(CELLID) OR
 OUTER ITERATION STEP       ITERATION  ITERATION  MAXIMUM CHANGE SUCCESS             MODEL-PACKAGE-(NUMBER)
 ----------------------------------------------------------------------------------------------------------
 Model                              1          2  1.13742381E-02                              1_GWF-(1,1,1)
 Model                              2          1  1.48258161E-04       *                      1_GWF-(1,1,1)
 ----------------------------------------------------------------------------------------------------------


 2 CALLS TO NUMERICAL SOLUTION IN TIME STEP 1 STRESS PERIOD 135
 3 TOTAL ITERATIONS
 
    Solving:  Stress period:   136    Time step:     1
 
1
 STRESS PERIOD NO. 136, LENGTH =   1.000000    
 ------------------------------------------
 NUMBER OF TIME STEPS = 1
 MULTIPLIER FOR DELT =     1.000
 INITIAL TIME STEP SIZE =   1.000000    

 SLN_1 OUTER ITERATION SUMMARY
 ----------------------------------------------------------------------------------------------------------
                                OUTER      INNER                    STEP   MAXIMUM CHANGE MODEL-(CELLID) OR
 OUTER ITERATION STEP       ITERATION  ITERATION  MAXIMUM CHANGE SUCCESS             MODEL-PACKAGE-(NUMBER)
 ----------------------------------------------------------------------------------------------------------
 Model                              1          2  1.14218746E-02                              1_GWF-(1,1,1)
 Model                              2          1       0.0000000       *                                   
 ----------------------------------------------------------------------------------------------------------


 2 CALLS TO NUMERICAL SOLUTION IN TIME STEP 1 STRESS PERIOD 136
 3 TOTAL ITERATIONS
 
    Solving:  Stress period:   137    Time step:     1
 
1
 STRESS PERIOD NO. 137, LENGTH =   1.000000    
 ------------------------------------------
 NUMBER OF TIME STEPS = 1
 MULTIPLIER FOR DELT =     1.000
 INITIAL TIME STEP SIZE =   1.000000    

 SLN_1 OUTER ITERATION SUMMARY
 ----------------------------------------------------------------------------------------------------------
                                OUTER      INNER                    STEP   MAXIMUM CHANGE MODEL-(CELLID) OR
 OUTER ITERATION STEP       ITERATION  ITERATION  MAXIMUM CHANGE SUCCESS             MODEL-PACKAGE-(NUMBER)
 ----------------------------------------------------------------------------------------------------------
 Model                              1          2  1.12680495E-02                              1_GWF-(1,1,1)
 Model                              2          1       0.0000000       *                                   
 ----------------------------------------------------------------------------------------------------------


 2 CALLS TO NUMERICAL SOLUTION IN TIME STEP 1 STRESS PERIOD 137
 3 TOTAL ITERATIONS
 
    Solving:  Stress period:   138    Time step:     1
 
1
 STRESS PERIOD NO. 138, LENGTH =   1.000000    
 ------------------------------------------
 NUMBER OF TIME STEPS = 1
 MULTIPLIER FOR DELT =     1.000
 INITIAL TIME STEP SIZE =   1.000000    

 SLN_1 OUTER ITERATION SUMMARY
 ----------------------------------------------------------------------------------------------------------
                                OUTER      INNER                    STEP   MAXIMUM CHANGE MODEL-(CELLID) OR
 OUTER ITERATION STEP       ITERATION  ITERATION  MAXIMUM CHANGE SUCCESS             MODEL-PACKAGE-(NUMBER)
 ----------------------------------------------------------------------------------------------------------
 Model                              1          2  1.11261554E-02                              1_GWF-(1,1,1)
 Model                              2          1       0.0000000       *                                   
 ----------------------------------------------------------------------------------------------------------


 2 CALLS TO NUMERICAL SOLUTION IN TIME STEP 1 STRESS PERIOD 138
 3 TOTAL ITERATIONS
 
    Solving:  Stress period:   139    Time step:     1
 
1
 STRESS PERIOD NO. 139, LENGTH =   1.000000    
 ------------------------------------------
 NUMBER OF TIME STEPS = 1
 MULTIPLIER FOR DELT =     1.000
 INITIAL TIME STEP SIZE =   1.000000    

 SLN_1 OUTER ITERATION SUMMARY
 ----------------------------------------------------------------------------------------------------------
                                OUTER      INNER                    STEP   MAXIMUM CHANGE MODEL-(CELLID) OR
 OUTER ITERATION STEP       ITERATION  ITERATION  MAXIMUM CHANGE SUCCESS             MODEL-PACKAGE-(NUMBER)
 ----------------------------------------------------------------------------------------------------------
 Model                              1          2  1.09954727E-02                              1_GWF-(1,1,1)
 Model                              2          1       0.0000000       *                                   
 ----------------------------------------------------------------------------------------------------------


 2 CALLS TO NUMERICAL SOLUTION IN TIME STEP 1 STRESS PERIOD 139
 3 TOTAL ITERATIONS
 
    Solving:  Stress period:   140    Time step:     1
 
1
 STRESS PERIOD NO. 140, LENGTH =   1.000000    
 ------------------------------------------
 NUMBER OF TIME STEPS = 1
 MULTIPLIER FOR DELT =     1.000
 INITIAL TIME STEP SIZE =   1.000000    

 SLN_1 OUTER ITERATION SUMMARY
 ----------------------------------------------------------------------------------------------------------
                                OUTER      INNER                    STEP   MAXIMUM CHANGE MODEL-(CELLID) OR
 OUTER ITERATION STEP       ITERATION  ITERATION  MAXIMUM CHANGE SUCCESS             MODEL-PACKAGE-(NUMBER)
 ----------------------------------------------------------------------------------------------------------
 Model                              1          2  1.08755827E-02                              1_GWF-(1,1,1)
 Model                              2          1       0.0000000       *                                   
 ----------------------------------------------------------------------------------------------------------


 2 CALLS TO NUMERICAL SOLUTION IN TIME STEP 1 STRESS PERIOD 140
 3 TOTAL ITERATIONS
 
    Solving:  Stress period:   141    Time step:     1
 
1
 STRESS PERIOD NO. 141, LENGTH =   1.000000    
 ------------------------------------------
 NUMBER OF TIME STEPS = 1
 MULTIPLIER FOR DELT =     1.000
 INITIAL TIME STEP SIZE =   1.000000    

 SLN_1 OUTER ITERATION SUMMARY
 ----------------------------------------------------------------------------------------------------------
                                OUTER      INNER                    STEP   MAXIMUM CHANGE MODEL-(CELLID) OR
 OUTER ITERATION STEP       ITERATION  ITERATION  MAXIMUM CHANGE SUCCESS             MODEL-PACKAGE-(NUMBER)
 ----------------------------------------------------------------------------------------------------------
 Model                              1          2  1.07644889E-02                              1_GWF-(1,1,1)
 Model                              2          1       0.0000000       *                                   
 ----------------------------------------------------------------------------------------------------------


 2 CALLS TO NUMERICAL SOLUTION IN TIME STEP 1 STRESS PERIOD 141
 3 TOTAL ITERATIONS
 
    Solving:  Stress period:   142    Time step:     1
 
1
 STRESS PERIOD NO. 142, LENGTH =   1.000000    
 ------------------------------------------
 NUMBER OF TIME STEPS = 1
 MULTIPLIER FOR DELT =     1.000
 INITIAL TIME STEP SIZE =   1.000000    

 SLN_1 OUTER ITERATION SUMMARY
 ----------------------------------------------------------------------------------------------------------
                                OUTER      INNER                    STEP   MAXIMUM CHANGE MODEL-(CELLID) OR
 OUTER ITERATION STEP       ITERATION  ITERATION  MAXIMUM CHANGE SUCCESS             MODEL-PACKAGE-(NUMBER)
 ----------------------------------------------------------------------------------------------------------
 Model                              1          2  1.06612096E-02                              1_GWF-(1,1,1)
 Model                              2          1       0.0000000       *                                   
 ----------------------------------------------------------------------------------------------------------


 2 CALLS TO NUMERICAL SOLUTION IN TIME STEP 1 STRESS PERIOD 142
 3 TOTAL ITERATIONS
 
    Solving:  Stress period:   143    Time step:     1
 
1
 STRESS PERIOD NO. 143, LENGTH =   1.000000    
 ------------------------------------------
 NUMBER OF TIME STEPS = 1
 MULTIPLIER FOR DELT =     1.000
 INITIAL TIME STEP SIZE =   1.000000    

 SLN_1 OUTER ITERATION SUMMARY
 ----------------------------------------------------------------------------------------------------------
                                OUTER      INNER                    STEP   MAXIMUM CHANGE MODEL-(CELLID) OR
 OUTER ITERATION STEP       ITERATION  ITERATION  MAXIMUM CHANGE SUCCESS             MODEL-PACKAGE-(NUMBER)
 ----------------------------------------------------------------------------------------------------------
 Model                              1          2  1.05644101E-02                              1_GWF-(1,1,1)
 Model                              2          1       0.0000000       *                                   
 ----------------------------------------------------------------------------------------------------------


 2 CALLS TO NUMERICAL SOLUTION IN TIME STEP 1 STRESS PERIOD 143
 3 TOTAL ITERATIONS
 
    Solving:  Stress period:   144    Time step:     1
 
1
 STRESS PERIOD NO. 144, LENGTH =   1.000000    
 ------------------------------------------
 NUMBER OF TIME STEPS = 1
 MULTIPLIER FOR DELT =     1.000
 INITIAL TIME STEP SIZE =   1.000000    

 SLN_1 OUTER ITERATION SUMMARY
 ----------------------------------------------------------------------------------------------------------
                                OUTER      INNER                    STEP   MAXIMUM CHANGE MODEL-(CELLID) OR
 OUTER ITERATION STEP       ITERATION  ITERATION  MAXIMUM CHANGE SUCCESS             MODEL-PACKAGE-(NUMBER)
 ----------------------------------------------------------------------------------------------------------
 Model                              1          2  1.04730130E-02                              1_GWF-(1,1,1)
 Model                              2          1       0.0000000       *                                   
 ----------------------------------------------------------------------------------------------------------


 2 CALLS TO NUMERICAL SOLUTION IN TIME STEP 1 STRESS PERIOD 144
 3 TOTAL ITERATIONS
 
    Solving:  Stress period:   145    Time step:     1
 
1
 STRESS PERIOD NO. 145, LENGTH =   1.000000    
 ------------------------------------------
 NUMBER OF TIME STEPS = 1
 MULTIPLIER FOR DELT =     1.000
 INITIAL TIME STEP SIZE =   1.000000    

 SLN_1 OUTER ITERATION SUMMARY
 ----------------------------------------------------------------------------------------------------------
                                OUTER      INNER                    STEP   MAXIMUM CHANGE MODEL-(CELLID) OR
 OUTER ITERATION STEP       ITERATION  ITERATION  MAXIMUM CHANGE SUCCESS             MODEL-PACKAGE-(NUMBER)
 ----------------------------------------------------------------------------------------------------------
 Model                              1          2  1.03862117E-02                              1_GWF-(1,1,1)
 Model                              2          1  9.51868319E-04       *                      1_GWF-(1,1,1)
 ----------------------------------------------------------------------------------------------------------


 2 CALLS TO NUMERICAL SOLUTION IN TIME STEP 1 STRESS PERIOD 145
 3 TOTAL ITERATIONS
 
    Solving:  Stress period:   146    Time step:     1
 
1
 STRESS PERIOD NO. 146, LENGTH =   1.000000    
 ------------------------------------------
 NUMBER OF TIME STEPS = 1
 MULTIPLIER FOR DELT =     1.000
 INITIAL TIME STEP SIZE =   1.000000    

 SLN_1 OUTER ITERATION SUMMARY
 ----------------------------------------------------------------------------------------------------------
                                OUTER      INNER                    STEP   MAXIMUM CHANGE MODEL-(CELLID) OR
 OUTER ITERATION STEP       ITERATION  ITERATION  MAXIMUM CHANGE SUCCESS             MODEL-PACKAGE-(NUMBER)
 ----------------------------------------------------------------------------------------------------------
 Model                              1          2  1.10988314E-02                              1_GWF-(1,1,1)
 Model                              2          1       0.0000000       *                                   
 ----------------------------------------------------------------------------------------------------------


 2 CALLS TO NUMERICAL SOLUTION IN TIME STEP 1 STRESS PERIOD 146
 3 TOTAL ITERATIONS
 
    Solving:  Stress period:   147    Time step:     1
 
1
 STRESS PERIOD NO. 147, LENGTH =   1.000000    
 ------------------------------------------
 NUMBER OF TIME STEPS = 1
 MULTIPLIER FOR DELT =     1.000
 INITIAL TIME STEP SIZE =   1.000000    

 SLN_1 OUTER ITERATION SUMMARY
 ----------------------------------------------------------------------------------------------------------
                                OUTER      INNER                    STEP   MAXIMUM CHANGE MODEL-(CELLID) OR
 OUTER ITERATION STEP       ITERATION  ITERATION  MAXIMUM CHANGE SUCCESS             MODEL-PACKAGE-(NUMBER)
 ----------------------------------------------------------------------------------------------------------
 Model                              1          2  1.08799796E-02                              1_GWF-(1,1,1)
 Model                              2          1       0.0000000       *                                   
 ----------------------------------------------------------------------------------------------------------


 2 CALLS TO NUMERICAL SOLUTION IN TIME STEP 1 STRESS PERIOD 147
 3 TOTAL ITERATIONS
 
    Solving:  Stress period:   148    Time step:     1
 
1
 STRESS PERIOD NO. 148, LENGTH =   1.000000    
 ------------------------------------------
 NUMBER OF TIME STEPS = 1
 MULTIPLIER FOR DELT =     1.000
 INITIAL TIME STEP SIZE =   1.000000    

 SLN_1 OUTER ITERATION SUMMARY
 ----------------------------------------------------------------------------------------------------------
                                OUTER      INNER                    STEP   MAXIMUM CHANGE MODEL-(CELLID) OR
 OUTER ITERATION STEP       ITERATION  ITERATION  MAXIMUM CHANGE SUCCESS             MODEL-PACKAGE-(NUMBER)
 ----------------------------------------------------------------------------------------------------------
 Model                              1          2  1.06891561E-02                              1_GWF-(1,1,1)
 Model                              2          1       0.0000000       *                                   
 ----------------------------------------------------------------------------------------------------------


 2 CALLS TO NUMERICAL SOLUTION IN TIME STEP 1 STRESS PERIOD 148
 3 TOTAL ITERATIONS
 
    Solving:  Stress period:   149    Time step:     1
 
1
 STRESS PERIOD NO. 149, LENGTH =   1.000000    
 ------------------------------------------
 NUMBER OF TIME STEPS = 1
 MULTIPLIER FOR DELT =     1.000
 INITIAL TIME STEP SIZE =   1.000000    

 SLN_1 OUTER ITERATION SUMMARY
 ----------------------------------------------------------------------------------------------------------
                                OUTER      INNER                    STEP   MAXIMUM CHANGE MODEL-(CELLID) OR
 OUTER ITERATION STEP       ITERATION  ITERATION  MAXIMUM CHANGE SUCCESS             MODEL-PACKAGE-(NUMBER)
 ----------------------------------------------------------------------------------------------------------
 Model                              1          2  1.05225496E-02                              1_GWF-(1,1,1)
 Model                              2          1       0.0000000       *                                   
 ----------------------------------------------------------------------------------------------------------


 2 CALLS TO NUMERICAL SOLUTION IN TIME STEP 1 STRESS PERIOD 149
 3 TOTAL ITERATIONS
 
    Solving:  Stress period:   150    Time step:     1
 
1
 STRESS PERIOD NO. 150, LENGTH =   1.000000    
 ------------------------------------------
 NUMBER OF TIME STEPS = 1
 MULTIPLIER FOR DELT =     1.000
 INITIAL TIME STEP SIZE =   1.000000    

 SLN_1 OUTER ITERATION SUMMARY
 ----------------------------------------------------------------------------------------------------------
                                OUTER      INNER                    STEP   MAXIMUM CHANGE MODEL-(CELLID) OR
 OUTER ITERATION STEP       ITERATION  ITERATION  MAXIMUM CHANGE SUCCESS             MODEL-PACKAGE-(NUMBER)
 ----------------------------------------------------------------------------------------------------------
 Model                              1          2  1.03762620E-02                              1_GWF-(1,1,1)
 Model                              2          1       0.0000000       *                                   
 ----------------------------------------------------------------------------------------------------------


 2 CALLS TO NUMERICAL SOLUTION IN TIME STEP 1 STRESS PERIOD 150
 3 TOTAL ITERATIONS
 
    Solving:  Stress period:   151    Time step:     1
 
1
 STRESS PERIOD NO. 151, LENGTH =   1.000000    
 ------------------------------------------
 NUMBER OF TIME STEPS = 1
 MULTIPLIER FOR DELT =     1.000
 INITIAL TIME STEP SIZE =   1.000000    

 SLN_1 OUTER ITERATION SUMMARY
 ----------------------------------------------------------------------------------------------------------
                                OUTER      INNER                    STEP   MAXIMUM CHANGE MODEL-(CELLID) OR
 OUTER ITERATION STEP       ITERATION  ITERATION  MAXIMUM CHANGE SUCCESS             MODEL-PACKAGE-(NUMBER)
 ----------------------------------------------------------------------------------------------------------
 Model                              1          2  1.02469018E-02                              1_GWF-(1,1,1)
 Model                              2          1       0.0000000       *                                   
 ----------------------------------------------------------------------------------------------------------


 2 CALLS TO NUMERICAL SOLUTION IN TIME STEP 1 STRESS PERIOD 151
 3 TOTAL ITERATIONS
 
    Solving:  Stress period:   152    Time step:     1
 
1
 STRESS PERIOD NO. 152, LENGTH =   1.000000    
 ------------------------------------------
 NUMBER OF TIME STEPS = 1
 MULTIPLIER FOR DELT =     1.000
 INITIAL TIME STEP SIZE =   1.000000    

 SLN_1 OUTER ITERATION SUMMARY
 ----------------------------------------------------------------------------------------------------------
                                OUTER      INNER                    STEP   MAXIMUM CHANGE MODEL-(CELLID) OR
 OUTER ITERATION STEP       ITERATION  ITERATION  MAXIMUM CHANGE SUCCESS             MODEL-PACKAGE-(NUMBER)
 ----------------------------------------------------------------------------------------------------------
 Model                              1          2  1.01312707E-02                              1_GWF-(1,1,1)
 Model                              2          1       0.0000000       *                                   
 ----------------------------------------------------------------------------------------------------------


 2 CALLS TO NUMERICAL SOLUTION IN TIME STEP 1 STRESS PERIOD 152
 3 TOTAL ITERATIONS
 
    Solving:  Stress period:   153    Time step:     1
 
1
 STRESS PERIOD NO. 153, LENGTH =   1.000000    
 ------------------------------------------
 NUMBER OF TIME STEPS = 1
 MULTIPLIER FOR DELT =     1.000
 INITIAL TIME STEP SIZE =   1.000000    

 SLN_1 OUTER ITERATION SUMMARY
 ----------------------------------------------------------------------------------------------------------
                                OUTER      INNER                    STEP   MAXIMUM CHANGE MODEL-(CELLID) OR
 OUTER ITERATION STEP       ITERATION  ITERATION  MAXIMUM CHANGE SUCCESS             MODEL-PACKAGE-(NUMBER)
 ----------------------------------------------------------------------------------------------------------
 Model                              1          2  1.00277146E-02                              1_GWF-(1,1,1)
 Model                              2          1       0.0000000       *                                   
 ----------------------------------------------------------------------------------------------------------


 2 CALLS TO NUMERICAL SOLUTION IN TIME STEP 1 STRESS PERIOD 153
 3 TOTAL ITERATIONS
 
    Solving:  Stress period:   154    Time step:     1
 
1
 STRESS PERIOD NO. 154, LENGTH =   1.000000    
 ------------------------------------------
 NUMBER OF TIME STEPS = 1
 MULTIPLIER FOR DELT =     1.000
 INITIAL TIME STEP SIZE =   1.000000    

 SLN_1 OUTER ITERATION SUMMARY
 ----------------------------------------------------------------------------------------------------------
                                OUTER      INNER                    STEP   MAXIMUM CHANGE MODEL-(CELLID) OR
 OUTER ITERATION STEP       ITERATION  ITERATION  MAXIMUM CHANGE SUCCESS             MODEL-PACKAGE-(NUMBER)
 ----------------------------------------------------------------------------------------------------------
 Model                              1          2  9.93362961E-03                              1_GWF-(1,1,1)
 Model                              2          1  9.40923944E-04       *                      1_GWF-(1,1,1)
 ----------------------------------------------------------------------------------------------------------


 2 CALLS TO NUMERICAL SOLUTION IN TIME STEP 1 STRESS PERIOD 154
 3 TOTAL ITERATIONS
 
    Solving:  Stress period:   155    Time step:     1
 
1
 STRESS PERIOD NO. 155, LENGTH =   1.000000    
 ------------------------------------------
 NUMBER OF TIME STEPS = 1
 MULTIPLIER FOR DELT =     1.000
 INITIAL TIME STEP SIZE =   1.000000    

 SLN_1 OUTER ITERATION SUMMARY
 ----------------------------------------------------------------------------------------------------------
                                OUTER      INNER                    STEP   MAXIMUM CHANGE MODEL-(CELLID) OR
 OUTER ITERATION STEP       ITERATION  ITERATION  MAXIMUM CHANGE SUCCESS             MODEL-PACKAGE-(NUMBER)
 ----------------------------------------------------------------------------------------------------------
 Model                              1          2  1.06636145E-02                              1_GWF-(1,1,1)
 Model                              2          1       0.0000000       *                                   
 ----------------------------------------------------------------------------------------------------------


 2 CALLS TO NUMERICAL SOLUTION IN TIME STEP 1 STRESS PERIOD 155
 3 TOTAL ITERATIONS
 
    Solving:  Stress period:   156    Time step:     1
 
1
 STRESS PERIOD NO. 156, LENGTH =   1.000000    
 ------------------------------------------
 NUMBER OF TIME STEPS = 1
 MULTIPLIER FOR DELT =     1.000
 INITIAL TIME STEP SIZE =   1.000000    

 SLN_1 OUTER ITERATION SUMMARY
 ----------------------------------------------------------------------------------------------------------
                                OUTER      INNER                    STEP   MAXIMUM CHANGE MODEL-(CELLID) OR
 OUTER ITERATION STEP       ITERATION  ITERATION  MAXIMUM CHANGE SUCCESS             MODEL-PACKAGE-(NUMBER)
 ----------------------------------------------------------------------------------------------------------
 Model                              1          2  1.04210735E-02                              1_GWF-(1,1,1)
 Model                              2          1       0.0000000       *                                   
 ----------------------------------------------------------------------------------------------------------


 2 CALLS TO NUMERICAL SOLUTION IN TIME STEP 1 STRESS PERIOD 156
 3 TOTAL ITERATIONS
 
    Solving:  Stress period:   157    Time step:     1
 
1
 STRESS PERIOD NO. 157, LENGTH =   1.000000    
 ------------------------------------------
 NUMBER OF TIME STEPS = 1
 MULTIPLIER FOR DELT =     1.000
 INITIAL TIME STEP SIZE =   1.000000    

 SLN_1 OUTER ITERATION SUMMARY
 ----------------------------------------------------------------------------------------------------------
                                OUTER      INNER                    STEP   MAXIMUM CHANGE MODEL-(CELLID) OR
 OUTER ITERATION STEP       ITERATION  ITERATION  MAXIMUM CHANGE SUCCESS             MODEL-PACKAGE-(NUMBER)
 ----------------------------------------------------------------------------------------------------------
 Model                              1          2  1.02144975E-02                              1_GWF-(1,1,1)
 Model                              2          1       0.0000000       *                                   
 ----------------------------------------------------------------------------------------------------------


 2 CALLS TO NUMERICAL SOLUTION IN TIME STEP 1 STRESS PERIOD 157
 3 TOTAL ITERATIONS
 
    Solving:  Stress period:   158    Time step:     1
 
1
 STRESS PERIOD NO. 158, LENGTH =   1.000000    
 ------------------------------------------
 NUMBER OF TIME STEPS = 1
 MULTIPLIER FOR DELT =     1.000
 INITIAL TIME STEP SIZE =   1.000000    

 SLN_1 OUTER ITERATION SUMMARY
 ----------------------------------------------------------------------------------------------------------
                                OUTER      INNER                    STEP   MAXIMUM CHANGE MODEL-(CELLID) OR
 OUTER ITERATION STEP       ITERATION  ITERATION  MAXIMUM CHANGE SUCCESS             MODEL-PACKAGE-(NUMBER)
 ----------------------------------------------------------------------------------------------------------
 Model                              1          2  1.00372272E-02                              1_GWF-(1,1,1)
 Model                              2          1       0.0000000       *                                   
 ----------------------------------------------------------------------------------------------------------


 2 CALLS TO NUMERICAL SOLUTION IN TIME STEP 1 STRESS PERIOD 158
 3 TOTAL ITERATIONS
 
    Solving:  Stress period:   159    Time step:     1
 
1
 STRESS PERIOD NO. 159, LENGTH =   1.000000    
 ------------------------------------------
 NUMBER OF TIME STEPS = 1
 MULTIPLIER FOR DELT =     1.000
 INITIAL TIME STEP SIZE =   1.000000    

 SLN_1 OUTER ITERATION SUMMARY
 ----------------------------------------------------------------------------------------------------------
                                OUTER      INNER                    STEP   MAXIMUM CHANGE MODEL-(CELLID) OR
 OUTER ITERATION STEP       ITERATION  ITERATION  MAXIMUM CHANGE SUCCESS             MODEL-PACKAGE-(NUMBER)
 ----------------------------------------------------------------------------------------------------------
 Model                              1          2  9.88450299E-03                              1_GWF-(1,1,1)
 Model                              2          1       0.0000000       *                                   
 ----------------------------------------------------------------------------------------------------------


 2 CALLS TO NUMERICAL SOLUTION IN TIME STEP 1 STRESS PERIOD 159
 3 TOTAL ITERATIONS
 
    Solving:  Stress period:   160    Time step:     1
 
1
 STRESS PERIOD NO. 160, LENGTH =   1.000000    
 ------------------------------------------
 NUMBER OF TIME STEPS = 1
 MULTIPLIER FOR DELT =     1.000
 INITIAL TIME STEP SIZE =   1.000000    

 SLN_1 OUTER ITERATION SUMMARY
 ----------------------------------------------------------------------------------------------------------
                                OUTER      INNER                    STEP   MAXIMUM CHANGE MODEL-(CELLID) OR
 OUTER ITERATION STEP       ITERATION  ITERATION  MAXIMUM CHANGE SUCCESS             MODEL-PACKAGE-(NUMBER)
 ----------------------------------------------------------------------------------------------------------
 Model                              1          2  9.75169144E-03                              1_GWF-(1,1,1)
 Model                              2          1       0.0000000       *                                   
 ----------------------------------------------------------------------------------------------------------


 2 CALLS TO NUMERICAL SOLUTION IN TIME STEP 1 STRESS PERIOD 160
 3 TOTAL ITERATIONS
 
    Solving:  Stress period:   161    Time step:     1
 
1
 STRESS PERIOD NO. 161, LENGTH =   1.000000    
 ------------------------------------------
 NUMBER OF TIME STEPS = 1
 MULTIPLIER FOR DELT =     1.000
 INITIAL TIME STEP SIZE =   1.000000    

 SLN_1 OUTER ITERATION SUMMARY
 ----------------------------------------------------------------------------------------------------------
                                OUTER      INNER                    STEP   MAXIMUM CHANGE MODEL-(CELLID) OR
 OUTER ITERATION STEP       ITERATION  ITERATION  MAXIMUM CHANGE SUCCESS             MODEL-PACKAGE-(NUMBER)
 ----------------------------------------------------------------------------------------------------------
 Model                              1          2  9.63481961E-03                              1_GWF-(1,1,1)
 Model                              2          1       0.0000000       *                                   
 ----------------------------------------------------------------------------------------------------------


 2 CALLS TO NUMERICAL SOLUTION IN TIME STEP 1 STRESS PERIOD 161
 3 TOTAL ITERATIONS
 
    Solving:  Stress period:   162    Time step:     1
 
1
 STRESS PERIOD NO. 162, LENGTH =   1.000000    
 ------------------------------------------
 NUMBER OF TIME STEPS = 1
 MULTIPLIER FOR DELT =     1.000
 INITIAL TIME STEP SIZE =   1.000000    

 SLN_1 OUTER ITERATION SUMMARY
 ----------------------------------------------------------------------------------------------------------
                                OUTER      INNER                    STEP   MAXIMUM CHANGE MODEL-(CELLID) OR
 OUTER ITERATION STEP       ITERATION  ITERATION  MAXIMUM CHANGE SUCCESS             MODEL-PACKAGE-(NUMBER)
 ----------------------------------------------------------------------------------------------------------
 Model                              1          2  9.53132621E-03                              1_GWF-(1,1,1)
 Model                              2          1       0.0000000       *                                   
 ----------------------------------------------------------------------------------------------------------


 2 CALLS TO NUMERICAL SOLUTION IN TIME STEP 1 STRESS PERIOD 162
 3 TOTAL ITERATIONS
 
    Solving:  Stress period:   163    Time step:     1
 
1
 STRESS PERIOD NO. 163, LENGTH =   1.000000    
 ------------------------------------------
 NUMBER OF TIME STEPS = 1
 MULTIPLIER FOR DELT =     1.000
 INITIAL TIME STEP SIZE =   1.000000    

 SLN_1 OUTER ITERATION SUMMARY
 ----------------------------------------------------------------------------------------------------------
                                OUTER      INNER                    STEP   MAXIMUM CHANGE MODEL-(CELLID) OR
 OUTER ITERATION STEP       ITERATION  ITERATION  MAXIMUM CHANGE SUCCESS             MODEL-PACKAGE-(NUMBER)
 ----------------------------------------------------------------------------------------------------------
 Model                              1          2  9.43843142E-03                              1_GWF-(1,1,1)
 Model                              2          1       0.0000000       *                                   
 ----------------------------------------------------------------------------------------------------------


 2 CALLS TO NUMERICAL SOLUTION IN TIME STEP 1 STRESS PERIOD 163
 3 TOTAL ITERATIONS
 
    Solving:  Stress period:   164    Time step:     1
 
1
 STRESS PERIOD NO. 164, LENGTH =   1.000000    
 ------------------------------------------
 NUMBER OF TIME STEPS = 1
 MULTIPLIER FOR DELT =     1.000
 INITIAL TIME STEP SIZE =   1.000000    

 SLN_1 OUTER ITERATION SUMMARY
 ----------------------------------------------------------------------------------------------------------
                                OUTER      INNER                    STEP   MAXIMUM CHANGE MODEL-(CELLID) OR
 OUTER ITERATION STEP       ITERATION  ITERATION  MAXIMUM CHANGE SUCCESS             MODEL-PACKAGE-(NUMBER)
 ----------------------------------------------------------------------------------------------------------
 Model                              1          2  9.35437262E-03                              1_GWF-(1,1,1)
 Model                              2          1 -2.68258652E-04       *                      1_GWF-(1,1,1)
 ----------------------------------------------------------------------------------------------------------


 2 CALLS TO NUMERICAL SOLUTION IN TIME STEP 1 STRESS PERIOD 164
 3 TOTAL ITERATIONS
 
    Solving:  Stress period:   165    Time step:     1
 
1
 STRESS PERIOD NO. 165, LENGTH =   1.000000    
 ------------------------------------------
 NUMBER OF TIME STEPS = 1
 MULTIPLIER FOR DELT =     1.000
 INITIAL TIME STEP SIZE =   1.000000    

 SLN_1 OUTER ITERATION SUMMARY
 ----------------------------------------------------------------------------------------------------------
                                OUTER      INNER                    STEP   MAXIMUM CHANGE MODEL-(CELLID) OR
 OUTER ITERATION STEP       ITERATION  ITERATION  MAXIMUM CHANGE SUCCESS             MODEL-PACKAGE-(NUMBER)
 ----------------------------------------------------------------------------------------------------------
 Model                              1          2  9.01068708E-03                              1_GWF-(1,1,1)
 Model                              2          1       0.0000000       *                                   
 ----------------------------------------------------------------------------------------------------------


 2 CALLS TO NUMERICAL SOLUTION IN TIME STEP 1 STRESS PERIOD 165
 3 TOTAL ITERATIONS
 
    Solving:  Stress period:   166    Time step:     1
 
1
 STRESS PERIOD NO. 166, LENGTH =   1.000000    
 ------------------------------------------
 NUMBER OF TIME STEPS = 1
 MULTIPLIER FOR DELT =     1.000
 INITIAL TIME STEP SIZE =   1.000000    

 SLN_1 OUTER ITERATION SUMMARY
 ----------------------------------------------------------------------------------------------------------
                                OUTER      INNER                    STEP   MAXIMUM CHANGE MODEL-(CELLID) OR
 OUTER ITERATION STEP       ITERATION  ITERATION  MAXIMUM CHANGE SUCCESS             MODEL-PACKAGE-(NUMBER)
 ----------------------------------------------------------------------------------------------------------
 Model                              1          2  8.86484141E-03                              1_GWF-(1,1,1)
 Model                              2          1       0.0000000       *                                   
 ----------------------------------------------------------------------------------------------------------


 2 CALLS TO NUMERICAL SOLUTION IN TIME STEP 1 STRESS PERIOD 166
 3 TOTAL ITERATIONS
 
    Solving:  Stress period:   167    Time step:     1
 
1
 STRESS PERIOD NO. 167, LENGTH =   1.000000    
 ------------------------------------------
 NUMBER OF TIME STEPS = 1
 MULTIPLIER FOR DELT =     1.000
 INITIAL TIME STEP SIZE =   1.000000    

 SLN_1 OUTER ITERATION SUMMARY
 ----------------------------------------------------------------------------------------------------------
                                OUTER      INNER                    STEP   MAXIMUM CHANGE MODEL-(CELLID) OR
 OUTER ITERATION STEP       ITERATION  ITERATION  MAXIMUM CHANGE SUCCESS             MODEL-PACKAGE-(NUMBER)
 ----------------------------------------------------------------------------------------------------------
 Model                              1          2  8.73705638E-03                              1_GWF-(1,1,1)
 Model                              2          1       0.0000000       *                                   
 ----------------------------------------------------------------------------------------------------------


 2 CALLS TO NUMERICAL SOLUTION IN TIME STEP 1 STRESS PERIOD 167
 3 TOTAL ITERATIONS
 
    Solving:  Stress period:   168    Time step:     1
 
1
 STRESS PERIOD NO. 168, LENGTH =   1.000000    
 ------------------------------------------
 NUMBER OF TIME STEPS = 1
 MULTIPLIER FOR DELT =     1.000
 INITIAL TIME STEP SIZE =   1.000000    

 SLN_1 OUTER ITERATION SUMMARY
 ----------------------------------------------------------------------------------------------------------
                                OUTER      INNER                    STEP   MAXIMUM CHANGE MODEL-(CELLID) OR
 OUTER ITERATION STEP       ITERATION  ITERATION  MAXIMUM CHANGE SUCCESS             MODEL-PACKAGE-(NUMBER)
 ----------------------------------------------------------------------------------------------------------
 Model                              1          2  8.62394108E-03                              1_GWF-(1,1,1)
 Model                              2          1       0.0000000       *                                   
 ----------------------------------------------------------------------------------------------------------


 2 CALLS TO NUMERICAL SOLUTION IN TIME STEP 1 STRESS PERIOD 168
 3 TOTAL ITERATIONS
 
    Solving:  Stress period:   169    Time step:     1
 
1
 STRESS PERIOD NO. 169, LENGTH =   1.000000    
 ------------------------------------------
 NUMBER OF TIME STEPS = 1
 MULTIPLIER FOR DELT =     1.000
 INITIAL TIME STEP SIZE =   1.000000    

 SLN_1 OUTER ITERATION SUMMARY
 ----------------------------------------------------------------------------------------------------------
                                OUTER      INNER                    STEP   MAXIMUM CHANGE MODEL-(CELLID) OR
 OUTER ITERATION STEP       ITERATION  ITERATION  MAXIMUM CHANGE SUCCESS             MODEL-PACKAGE-(NUMBER)
 ----------------------------------------------------------------------------------------------------------
 Model                              1          2  8.52299518E-03                              1_GWF-(1,1,1)
 Model                              2          1       0.0000000       *                                   
 ----------------------------------------------------------------------------------------------------------


 2 CALLS TO NUMERICAL SOLUTION IN TIME STEP 1 STRESS PERIOD 169
 3 TOTAL ITERATIONS
 
    Solving:  Stress period:   170    Time step:     1
 
1
 STRESS PERIOD NO. 170, LENGTH =   1.000000    
 ------------------------------------------
 NUMBER OF TIME STEPS = 1
 MULTIPLIER FOR DELT =     1.000
 INITIAL TIME STEP SIZE =   1.000000    

 SLN_1 OUTER ITERATION SUMMARY
 ----------------------------------------------------------------------------------------------------------
                                OUTER      INNER                    STEP   MAXIMUM CHANGE MODEL-(CELLID) OR
 OUTER ITERATION STEP       ITERATION  ITERATION  MAXIMUM CHANGE SUCCESS             MODEL-PACKAGE-(NUMBER)
 ----------------------------------------------------------------------------------------------------------
 Model                              1          2  8.43198151E-03                              1_GWF-(1,1,1)
 Model                              2          1       0.0000000       *                                   
 ----------------------------------------------------------------------------------------------------------


 2 CALLS TO NUMERICAL SOLUTION IN TIME STEP 1 STRESS PERIOD 170
 3 TOTAL ITERATIONS
 
    Solving:  Stress period:   171    Time step:     1
 
1
 STRESS PERIOD NO. 171, LENGTH =   1.000000    
 ------------------------------------------
 NUMBER OF TIME STEPS = 1
 MULTIPLIER FOR DELT =     1.000
 INITIAL TIME STEP SIZE =   1.000000    

 SLN_1 OUTER ITERATION SUMMARY
 ----------------------------------------------------------------------------------------------------------
                                OUTER      INNER                    STEP   MAXIMUM CHANGE MODEL-(CELLID) OR
 OUTER ITERATION STEP       ITERATION  ITERATION  MAXIMUM CHANGE SUCCESS             MODEL-PACKAGE-(NUMBER)
 ----------------------------------------------------------------------------------------------------------
 Model                              1          2  8.34882497E-03                              1_GWF-(1,1,1)
 Model                              2          1       0.0000000       *                                   
 ----------------------------------------------------------------------------------------------------------


 2 CALLS TO NUMERICAL SOLUTION IN TIME STEP 1 STRESS PERIOD 171
 3 TOTAL ITERATIONS
 
    Solving:  Stress period:   172    Time step:     1
 
1
 STRESS PERIOD NO. 172, LENGTH =   1.000000    
 ------------------------------------------
 NUMBER OF TIME STEPS = 1
 MULTIPLIER FOR DELT =     1.000
 INITIAL TIME STEP SIZE =   1.000000    

 SLN_1 OUTER ITERATION SUMMARY
 ----------------------------------------------------------------------------------------------------------
                                OUTER      INNER                    STEP   MAXIMUM CHANGE MODEL-(CELLID) OR
 OUTER ITERATION STEP       ITERATION  ITERATION  MAXIMUM CHANGE SUCCESS             MODEL-PACKAGE-(NUMBER)
 ----------------------------------------------------------------------------------------------------------
 Model                              1          2  8.27191843E-03                              1_GWF-(1,1,1)
 Model                              2          1       0.0000000       *                                   
 ----------------------------------------------------------------------------------------------------------


 2 CALLS TO NUMERICAL SOLUTION IN TIME STEP 1 STRESS PERIOD 172
 3 TOTAL ITERATIONS
 
    Solving:  Stress period:   173    Time step:     1
 
1
 STRESS PERIOD NO. 173, LENGTH =   1.000000    
 ------------------------------------------
 NUMBER OF TIME STEPS = 1
 MULTIPLIER FOR DELT =     1.000
 INITIAL TIME STEP SIZE =   1.000000    

 SLN_1 OUTER ITERATION SUMMARY
 ----------------------------------------------------------------------------------------------------------
                                OUTER      INNER                    STEP   MAXIMUM CHANGE MODEL-(CELLID) OR
 OUTER ITERATION STEP       ITERATION  ITERATION  MAXIMUM CHANGE SUCCESS             MODEL-PACKAGE-(NUMBER)
 ----------------------------------------------------------------------------------------------------------
 Model                              1          2  8.20020090E-03                              1_GWF-(1,1,1)
 Model                              2          1       0.0000000       *                                   
 ----------------------------------------------------------------------------------------------------------


 2 CALLS TO NUMERICAL SOLUTION IN TIME STEP 1 STRESS PERIOD 173
 3 TOTAL ITERATIONS
 
    Solving:  Stress period:   174    Time step:     1
 
1
 STRESS PERIOD NO. 174, LENGTH =   1.000000    
 ------------------------------------------
 NUMBER OF TIME STEPS = 1
 MULTIPLIER FOR DELT =     1.000
 INITIAL TIME STEP SIZE =   1.000000    

 SLN_1 OUTER ITERATION SUMMARY
 ----------------------------------------------------------------------------------------------------------
                                OUTER      INNER                    STEP   MAXIMUM CHANGE MODEL-(CELLID) OR
 OUTER ITERATION STEP       ITERATION  ITERATION  MAXIMUM CHANGE SUCCESS             MODEL-PACKAGE-(NUMBER)
 ----------------------------------------------------------------------------------------------------------
 Model                              1          2  8.13276705E-03                              1_GWF-(1,1,1)
 Model                              2          1       0.0000000       *                                   
 ----------------------------------------------------------------------------------------------------------


 2 CALLS TO NUMERICAL SOLUTION IN TIME STEP 1 STRESS PERIOD 174
 3 TOTAL ITERATIONS
 
    Solving:  Stress period:   175    Time step:     1
 
1
 STRESS PERIOD NO. 175, LENGTH =   1.000000    
 ------------------------------------------
 NUMBER OF TIME STEPS = 1
 MULTIPLIER FOR DELT =     1.000
 INITIAL TIME STEP SIZE =   1.000000    

 SLN_1 OUTER ITERATION SUMMARY
 ----------------------------------------------------------------------------------------------------------
                                OUTER      INNER                    STEP   MAXIMUM CHANGE MODEL-(CELLID) OR
 OUTER ITERATION STEP       ITERATION  ITERATION  MAXIMUM CHANGE SUCCESS             MODEL-PACKAGE-(NUMBER)
 ----------------------------------------------------------------------------------------------------------
 Model                              1          2  8.06855418E-03                              1_GWF-(1,1,1)
 Model                              2          1       0.0000000       *                                   
 ----------------------------------------------------------------------------------------------------------


 2 CALLS TO NUMERICAL SOLUTION IN TIME STEP 1 STRESS PERIOD 175
 3 TOTAL ITERATIONS
 
    Solving:  Stress period:   176    Time step:     1
 
1
 STRESS PERIOD NO. 176, LENGTH =   1.000000    
 ------------------------------------------
 NUMBER OF TIME STEPS = 1
 MULTIPLIER FOR DELT =     1.000
 INITIAL TIME STEP SIZE =   1.000000    

 SLN_1 OUTER ITERATION SUMMARY
 ----------------------------------------------------------------------------------------------------------
                                OUTER      INNER                    STEP   MAXIMUM CHANGE MODEL-(CELLID) OR
 OUTER ITERATION STEP       ITERATION  ITERATION  MAXIMUM CHANGE SUCCESS             MODEL-PACKAGE-(NUMBER)
 ----------------------------------------------------------------------------------------------------------
 Model                              1          2  8.00729959E-03                              1_GWF-(1,1,1)
 Model                              2          1  7.12203416E-04       *                      1_GWF-(1,1,1)
 ----------------------------------------------------------------------------------------------------------


 2 CALLS TO NUMERICAL SOLUTION IN TIME STEP 1 STRESS PERIOD 176
 3 TOTAL ITERATIONS
 
    Solving:  Stress period:   177    Time step:     1
 
1
 STRESS PERIOD NO. 177, LENGTH =   1.000000    
 ------------------------------------------
 NUMBER OF TIME STEPS = 1
 MULTIPLIER FOR DELT =     1.000
 INITIAL TIME STEP SIZE =   1.000000    

 SLN_1 OUTER ITERATION SUMMARY
 ----------------------------------------------------------------------------------------------------------
                                OUTER      INNER                    STEP   MAXIMUM CHANGE MODEL-(CELLID) OR
 OUTER ITERATION STEP       ITERATION  ITERATION  MAXIMUM CHANGE SUCCESS             MODEL-PACKAGE-(NUMBER)
 ----------------------------------------------------------------------------------------------------------
 Model                              1          2  8.45232128E-03                              1_GWF-(1,1,1)
 Model                              2          1       0.0000000       *                                   
 ----------------------------------------------------------------------------------------------------------


 2 CALLS TO NUMERICAL SOLUTION IN TIME STEP 1 STRESS PERIOD 177
 3 TOTAL ITERATIONS
 
    Solving:  Stress period:   178    Time step:     1
 
1
 STRESS PERIOD NO. 178, LENGTH =   1.000000    
 ------------------------------------------
 NUMBER OF TIME STEPS = 1
 MULTIPLIER FOR DELT =     1.000
 INITIAL TIME STEP SIZE =   1.000000    

 SLN_1 OUTER ITERATION SUMMARY
 ----------------------------------------------------------------------------------------------------------
                                OUTER      INNER                    STEP   MAXIMUM CHANGE MODEL-(CELLID) OR
 OUTER ITERATION STEP       ITERATION  ITERATION  MAXIMUM CHANGE SUCCESS             MODEL-PACKAGE-(NUMBER)
 ----------------------------------------------------------------------------------------------------------
 Model                              1          2  8.19803089E-03                              1_GWF-(1,1,1)
 Model                              2          1       0.0000000       *                                   
 ----------------------------------------------------------------------------------------------------------


 2 CALLS TO NUMERICAL SOLUTION IN TIME STEP 1 STRESS PERIOD 178
 3 TOTAL ITERATIONS
 
    Solving:  Stress period:   179    Time step:     1
 
1
 STRESS PERIOD NO. 179, LENGTH =   1.000000    
 ------------------------------------------
 NUMBER OF TIME STEPS = 1
 MULTIPLIER FOR DELT =     1.000
 INITIAL TIME STEP SIZE =   1.000000    

 SLN_1 OUTER ITERATION SUMMARY
 ----------------------------------------------------------------------------------------------------------
                                OUTER      INNER                    STEP   MAXIMUM CHANGE MODEL-(CELLID) OR
 OUTER ITERATION STEP       ITERATION  ITERATION  MAXIMUM CHANGE SUCCESS             MODEL-PACKAGE-(NUMBER)
 ----------------------------------------------------------------------------------------------------------
 Model                              1          2  7.97838161E-03                              1_GWF-(1,1,1)
 Model                              2          1       0.0000000       *                                   
 ----------------------------------------------------------------------------------------------------------


 2 CALLS TO NUMERICAL SOLUTION IN TIME STEP 1 STRESS PERIOD 179
 3 TOTAL ITERATIONS
 
    Solving:  Stress period:   180    Time step:     1
 
1
 STRESS PERIOD NO. 180, LENGTH =   1.000000    
 ------------------------------------------
 NUMBER OF TIME STEPS = 1
 MULTIPLIER FOR DELT =     1.000
 INITIAL TIME STEP SIZE =   1.000000    

 SLN_1 OUTER ITERATION SUMMARY
 ----------------------------------------------------------------------------------------------------------
                                OUTER      INNER                    STEP   MAXIMUM CHANGE MODEL-(CELLID) OR
 OUTER ITERATION STEP       ITERATION  ITERATION  MAXIMUM CHANGE SUCCESS             MODEL-PACKAGE-(NUMBER)
 ----------------------------------------------------------------------------------------------------------
 Model                              1          2  7.78483167E-03                              1_GWF-(1,1,1)
 Model                              2          1       0.0000000       *                                   
 ----------------------------------------------------------------------------------------------------------


 2 CALLS TO NUMERICAL SOLUTION IN TIME STEP 1 STRESS PERIOD 180
 3 TOTAL ITERATIONS
 
    Solving:  Stress period:   181    Time step:     1
 
1
 STRESS PERIOD NO. 181, LENGTH =   1.000000    
 ------------------------------------------
 NUMBER OF TIME STEPS = 1
 MULTIPLIER FOR DELT =     1.000
 INITIAL TIME STEP SIZE =   1.000000    

 SLN_1 OUTER ITERATION SUMMARY
 ----------------------------------------------------------------------------------------------------------
                                OUTER      INNER                    STEP   MAXIMUM CHANGE MODEL-(CELLID) OR
 OUTER ITERATION STEP       ITERATION  ITERATION  MAXIMUM CHANGE SUCCESS             MODEL-PACKAGE-(NUMBER)
 ----------------------------------------------------------------------------------------------------------
 Model                              1          2  7.61202609E-03                              1_GWF-(1,1,1)
 Model                              2          1       0.0000000       *                                   
 ----------------------------------------------------------------------------------------------------------


 2 CALLS TO NUMERICAL SOLUTION IN TIME STEP 1 STRESS PERIOD 181
 3 TOTAL ITERATIONS
 
    Solving:  Stress period:   182    Time step:     1
 
1
 STRESS PERIOD NO. 182, LENGTH =   1.000000    
 ------------------------------------------
 NUMBER OF TIME STEPS = 1
 MULTIPLIER FOR DELT =     1.000
 INITIAL TIME STEP SIZE =   1.000000    

 SLN_1 OUTER ITERATION SUMMARY
 ----------------------------------------------------------------------------------------------------------
                                OUTER      INNER                    STEP   MAXIMUM CHANGE MODEL-(CELLID) OR
 OUTER ITERATION STEP       ITERATION  ITERATION  MAXIMUM CHANGE SUCCESS             MODEL-PACKAGE-(NUMBER)
 ----------------------------------------------------------------------------------------------------------
 Model                              1          2  7.45525131E-03                              1_GWF-(1,1,1)
 Model                              2          1       0.0000000       *                                   
 ----------------------------------------------------------------------------------------------------------


 2 CALLS TO NUMERICAL SOLUTION IN TIME STEP 1 STRESS PERIOD 182
 3 TOTAL ITERATIONS
 
    Solving:  Stress period:   183    Time step:     1
 
1
 STRESS PERIOD NO. 183, LENGTH =   1.000000    
 ------------------------------------------
 NUMBER OF TIME STEPS = 1
 MULTIPLIER FOR DELT =     1.000
 INITIAL TIME STEP SIZE =   1.000000    

 SLN_1 OUTER ITERATION SUMMARY
 ----------------------------------------------------------------------------------------------------------
                                OUTER      INNER                    STEP   MAXIMUM CHANGE MODEL-(CELLID) OR
 OUTER ITERATION STEP       ITERATION  ITERATION  MAXIMUM CHANGE SUCCESS             MODEL-PACKAGE-(NUMBER)
 ----------------------------------------------------------------------------------------------------------
 Model                              1          2  7.31117556E-03                              1_GWF-(1,1,1)
 Model                              2          1       0.0000000       *                                   
 ----------------------------------------------------------------------------------------------------------


 2 CALLS TO NUMERICAL SOLUTION IN TIME STEP 1 STRESS PERIOD 183
 3 TOTAL ITERATIONS
 
    Solving:  Stress period:   184    Time step:     1
 
1
 STRESS PERIOD NO. 184, LENGTH =   1.000000    
 ------------------------------------------
 NUMBER OF TIME STEPS = 1
 MULTIPLIER FOR DELT =     1.000
 INITIAL TIME STEP SIZE =   1.000000    

 SLN_1 OUTER ITERATION SUMMARY
 ----------------------------------------------------------------------------------------------------------
                                OUTER      INNER                    STEP   MAXIMUM CHANGE MODEL-(CELLID) OR
 OUTER ITERATION STEP       ITERATION  ITERATION  MAXIMUM CHANGE SUCCESS             MODEL-PACKAGE-(NUMBER)
 ----------------------------------------------------------------------------------------------------------
 Model                              1          2  7.17729212E-03                              1_GWF-(1,1,1)
 Model                              2          1       0.0000000       *                                   
 ----------------------------------------------------------------------------------------------------------


 2 CALLS TO NUMERICAL SOLUTION IN TIME STEP 1 STRESS PERIOD 184
 3 TOTAL ITERATIONS
 
    Solving:  Stress period:   185    Time step:     1
 
1
 STRESS PERIOD NO. 185, LENGTH =   1.000000    
 ------------------------------------------
 NUMBER OF TIME STEPS = 1
 MULTIPLIER FOR DELT =     1.000
 INITIAL TIME STEP SIZE =   1.000000    

 SLN_1 OUTER ITERATION SUMMARY
 ----------------------------------------------------------------------------------------------------------
                                OUTER      INNER                    STEP   MAXIMUM CHANGE MODEL-(CELLID) OR
 OUTER ITERATION STEP       ITERATION  ITERATION  MAXIMUM CHANGE SUCCESS             MODEL-PACKAGE-(NUMBER)
 ----------------------------------------------------------------------------------------------------------
 Model                              1          2  7.05146748E-03                              1_GWF-(1,1,1)
 Model                              2          1       0.0000000       *                                   
 ----------------------------------------------------------------------------------------------------------


 2 CALLS TO NUMERICAL SOLUTION IN TIME STEP 1 STRESS PERIOD 185
 3 TOTAL ITERATIONS
 
    Solving:  Stress period:   186    Time step:     1
 
1
 STRESS PERIOD NO. 186, LENGTH =   1.000000    
 ------------------------------------------
 NUMBER OF TIME STEPS = 1
 MULTIPLIER FOR DELT =     1.000
 INITIAL TIME STEP SIZE =   1.000000    

 SLN_1 OUTER ITERATION SUMMARY
 ----------------------------------------------------------------------------------------------------------
                                OUTER      INNER                    STEP   MAXIMUM CHANGE MODEL-(CELLID) OR
 OUTER ITERATION STEP       ITERATION  ITERATION  MAXIMUM CHANGE SUCCESS             MODEL-PACKAGE-(NUMBER)
 ----------------------------------------------------------------------------------------------------------
 Model                              1          2  6.93211866E-03                              1_GWF-(1,1,1)
 Model                              2          1       0.0000000       *                                   
 ----------------------------------------------------------------------------------------------------------


 2 CALLS TO NUMERICAL SOLUTION IN TIME STEP 1 STRESS PERIOD 186
 3 TOTAL ITERATIONS
 
    Solving:  Stress period:   187    Time step:     1
 
1
 STRESS PERIOD NO. 187, LENGTH =   1.000000    
 ------------------------------------------
 NUMBER OF TIME STEPS = 1
 MULTIPLIER FOR DELT =     1.000
 INITIAL TIME STEP SIZE =   1.000000    

 SLN_1 OUTER ITERATION SUMMARY
 ----------------------------------------------------------------------------------------------------------
                                OUTER      INNER                    STEP   MAXIMUM CHANGE MODEL-(CELLID) OR
 OUTER ITERATION STEP       ITERATION  ITERATION  MAXIMUM CHANGE SUCCESS             MODEL-PACKAGE-(NUMBER)
 ----------------------------------------------------------------------------------------------------------
 Model                              1          2  6.81794128E-03                              1_GWF-(1,1,1)
 Model                              2          1       0.0000000       *                                   
 ----------------------------------------------------------------------------------------------------------


 2 CALLS TO NUMERICAL SOLUTION IN TIME STEP 1 STRESS PERIOD 187
 3 TOTAL ITERATIONS
 
    Solving:  Stress period:   188    Time step:     1
 
1
 STRESS PERIOD NO. 188, LENGTH =   1.000000    
 ------------------------------------------
 NUMBER OF TIME STEPS = 1
 MULTIPLIER FOR DELT =     1.000
 INITIAL TIME STEP SIZE =   1.000000    

 SLN_1 OUTER ITERATION SUMMARY
 ----------------------------------------------------------------------------------------------------------
                                OUTER      INNER                    STEP   MAXIMUM CHANGE MODEL-(CELLID) OR
 OUTER ITERATION STEP       ITERATION  ITERATION  MAXIMUM CHANGE SUCCESS             MODEL-PACKAGE-(NUMBER)
 ----------------------------------------------------------------------------------------------------------
 Model                              1          2  6.76004604E-03                              1_GWF-(1,1,1)
 Model                              2          1       0.0000000       *                                   
 ----------------------------------------------------------------------------------------------------------


 2 CALLS TO NUMERICAL SOLUTION IN TIME STEP 1 STRESS PERIOD 188
 3 TOTAL ITERATIONS
 
    Solving:  Stress period:   189    Time step:     1
 
1
 STRESS PERIOD NO. 189, LENGTH =   1.000000    
 ------------------------------------------
 NUMBER OF TIME STEPS = 1
 MULTIPLIER FOR DELT =     1.000
 INITIAL TIME STEP SIZE =   1.000000    

 SLN_1 OUTER ITERATION SUMMARY
 ----------------------------------------------------------------------------------------------------------
                                OUTER      INNER                    STEP   MAXIMUM CHANGE MODEL-(CELLID) OR
 OUTER ITERATION STEP       ITERATION  ITERATION  MAXIMUM CHANGE SUCCESS             MODEL-PACKAGE-(NUMBER)
 ----------------------------------------------------------------------------------------------------------
 Model                              1          2  7.46060440E-03                              1_GWF-(1,1,1)
 Model                              2          2  2.79916557E-03                              1_GWF-(1,1,1)
 Model                              3          1       0.0000000       *                                   
 ----------------------------------------------------------------------------------------------------------


 3 CALLS TO NUMERICAL SOLUTION IN TIME STEP 1 STRESS PERIOD 189
 5 TOTAL ITERATIONS
 
    Solving:  Stress period:   190    Time step:     1
 
1
 STRESS PERIOD NO. 190, LENGTH =   1.000000    
 ------------------------------------------
 NUMBER OF TIME STEPS = 1
 MULTIPLIER FOR DELT =     1.000
 INITIAL TIME STEP SIZE =   1.000000    

 SLN_1 OUTER ITERATION SUMMARY
 ----------------------------------------------------------------------------------------------------------
                                OUTER      INNER                    STEP   MAXIMUM CHANGE MODEL-(CELLID) OR
 OUTER ITERATION STEP       ITERATION  ITERATION  MAXIMUM CHANGE SUCCESS             MODEL-PACKAGE-(NUMBER)
 ----------------------------------------------------------------------------------------------------------
 Model                              1          2  1.03358575E-02                              1_GWF-(1,1,1)
 Model                              2          1       0.0000000       *                                   
 ----------------------------------------------------------------------------------------------------------


 2 CALLS TO NUMERICAL SOLUTION IN TIME STEP 1 STRESS PERIOD 190
 3 TOTAL ITERATIONS
 
    Solving:  Stress period:   191    Time step:     1
 
1
 STRESS PERIOD NO. 191, LENGTH =   1.000000    
 ------------------------------------------
 NUMBER OF TIME STEPS = 1
 MULTIPLIER FOR DELT =     1.000
 INITIAL TIME STEP SIZE =   1.000000    

 SLN_1 OUTER ITERATION SUMMARY
 ----------------------------------------------------------------------------------------------------------
                                OUTER      INNER                    STEP   MAXIMUM CHANGE MODEL-(CELLID) OR
 OUTER ITERATION STEP       ITERATION  ITERATION  MAXIMUM CHANGE SUCCESS             MODEL-PACKAGE-(NUMBER)
 ----------------------------------------------------------------------------------------------------------
 Model                              1          2  1.01910388E-02                              1_GWF-(1,1,1)
 Model                              2          1       0.0000000       *                                   
 ----------------------------------------------------------------------------------------------------------


 2 CALLS TO NUMERICAL SOLUTION IN TIME STEP 1 STRESS PERIOD 191
 3 TOTAL ITERATIONS
 
    Solving:  Stress period:   192    Time step:     1
 
1
 STRESS PERIOD NO. 192, LENGTH =   1.000000    
 ------------------------------------------
 NUMBER OF TIME STEPS = 1
 MULTIPLIER FOR DELT =     1.000
 INITIAL TIME STEP SIZE =   1.000000    

 SLN_1 OUTER ITERATION SUMMARY
 ----------------------------------------------------------------------------------------------------------
                                OUTER      INNER                    STEP   MAXIMUM CHANGE MODEL-(CELLID) OR
 OUTER ITERATION STEP       ITERATION  ITERATION  MAXIMUM CHANGE SUCCESS             MODEL-PACKAGE-(NUMBER)
 ----------------------------------------------------------------------------------------------------------
 Model                              1          2  1.00333973E-02                              1_GWF-(1,1,1)
 Model                              2          1       0.0000000       *                                   
 ----------------------------------------------------------------------------------------------------------


 2 CALLS TO NUMERICAL SOLUTION IN TIME STEP 1 STRESS PERIOD 192
 3 TOTAL ITERATIONS
 
    Solving:  Stress period:   193    Time step:     1
 
1
 STRESS PERIOD NO. 193, LENGTH =   1.000000    
 ------------------------------------------
 NUMBER OF TIME STEPS = 1
 MULTIPLIER FOR DELT =     1.000
 INITIAL TIME STEP SIZE =   1.000000    

 SLN_1 OUTER ITERATION SUMMARY
 ----------------------------------------------------------------------------------------------------------
                                OUTER      INNER                    STEP   MAXIMUM CHANGE MODEL-(CELLID) OR
 OUTER ITERATION STEP       ITERATION  ITERATION  MAXIMUM CHANGE SUCCESS             MODEL-PACKAGE-(NUMBER)
 ----------------------------------------------------------------------------------------------------------
 Model                              1          2  9.86490536E-03                              1_GWF-(1,1,1)
 Model                              2          1       0.0000000       *                                   
 ----------------------------------------------------------------------------------------------------------


 2 CALLS TO NUMERICAL SOLUTION IN TIME STEP 1 STRESS PERIOD 193
 3 TOTAL ITERATIONS
 
    Solving:  Stress period:   194    Time step:     1
 
1
 STRESS PERIOD NO. 194, LENGTH =   1.000000    
 ------------------------------------------
 NUMBER OF TIME STEPS = 1
 MULTIPLIER FOR DELT =     1.000
 INITIAL TIME STEP SIZE =   1.000000    

 SLN_1 OUTER ITERATION SUMMARY
 ----------------------------------------------------------------------------------------------------------
                                OUTER      INNER                    STEP   MAXIMUM CHANGE MODEL-(CELLID) OR
 OUTER ITERATION STEP       ITERATION  ITERATION  MAXIMUM CHANGE SUCCESS             MODEL-PACKAGE-(NUMBER)
 ----------------------------------------------------------------------------------------------------------
 Model                              1          2  9.68921091E-03                              1_GWF-(1,1,1)
 Model                              2          1       0.0000000       *                                   
 ----------------------------------------------------------------------------------------------------------


 2 CALLS TO NUMERICAL SOLUTION IN TIME STEP 1 STRESS PERIOD 194
 3 TOTAL ITERATIONS
 
    Solving:  Stress period:   195    Time step:     1
 
1
 STRESS PERIOD NO. 195, LENGTH =   1.000000    
 ------------------------------------------
 NUMBER OF TIME STEPS = 1
 MULTIPLIER FOR DELT =     1.000
 INITIAL TIME STEP SIZE =   1.000000    

 SLN_1 OUTER ITERATION SUMMARY
 ----------------------------------------------------------------------------------------------------------
                                OUTER      INNER                    STEP   MAXIMUM CHANGE MODEL-(CELLID) OR
 OUTER ITERATION STEP       ITERATION  ITERATION  MAXIMUM CHANGE SUCCESS             MODEL-PACKAGE-(NUMBER)
 ----------------------------------------------------------------------------------------------------------
 Model                              1          2  9.50845459E-03                              1_GWF-(1,1,1)
 Model                              2          1       0.0000000       *                                   
 ----------------------------------------------------------------------------------------------------------


 2 CALLS TO NUMERICAL SOLUTION IN TIME STEP 1 STRESS PERIOD 195
 3 TOTAL ITERATIONS
 
    Solving:  Stress period:   196    Time step:     1
 
1
 STRESS PERIOD NO. 196, LENGTH =   1.000000    
 ------------------------------------------
 NUMBER OF TIME STEPS = 1
 MULTIPLIER FOR DELT =     1.000
 INITIAL TIME STEP SIZE =   1.000000    

 SLN_1 OUTER ITERATION SUMMARY
 ----------------------------------------------------------------------------------------------------------
                                OUTER      INNER                    STEP   MAXIMUM CHANGE MODEL-(CELLID) OR
 OUTER ITERATION STEP       ITERATION  ITERATION  MAXIMUM CHANGE SUCCESS             MODEL-PACKAGE-(NUMBER)
 ----------------------------------------------------------------------------------------------------------
 Model                              1          2  9.32433225E-03                              1_GWF-(1,1,1)
 Model                              2          1       0.0000000       *                                   
 ----------------------------------------------------------------------------------------------------------


 2 CALLS TO NUMERICAL SOLUTION IN TIME STEP 1 STRESS PERIOD 196
 3 TOTAL ITERATIONS
 
    Solving:  Stress period:   197    Time step:     1
 
1
 STRESS PERIOD NO. 197, LENGTH =   1.000000    
 ------------------------------------------
 NUMBER OF TIME STEPS = 1
 MULTIPLIER FOR DELT =     1.000
 INITIAL TIME STEP SIZE =   1.000000    

 SLN_1 OUTER ITERATION SUMMARY
 ----------------------------------------------------------------------------------------------------------
                                OUTER      INNER                    STEP   MAXIMUM CHANGE MODEL-(CELLID) OR
 OUTER ITERATION STEP       ITERATION  ITERATION  MAXIMUM CHANGE SUCCESS             MODEL-PACKAGE-(NUMBER)
 ----------------------------------------------------------------------------------------------------------
 Model                              1          2  9.13734377E-03                              1_GWF-(1,1,1)
 Model                              2          1       0.0000000       *                                   
 ----------------------------------------------------------------------------------------------------------


 2 CALLS TO NUMERICAL SOLUTION IN TIME STEP 1 STRESS PERIOD 197
 3 TOTAL ITERATIONS
 
    Solving:  Stress period:   198    Time step:     1
 
1
 STRESS PERIOD NO. 198, LENGTH =   1.000000    
 ------------------------------------------
 NUMBER OF TIME STEPS = 1
 MULTIPLIER FOR DELT =     1.000
 INITIAL TIME STEP SIZE =   1.000000    

 SLN_1 OUTER ITERATION SUMMARY
 ----------------------------------------------------------------------------------------------------------
                                OUTER      INNER                    STEP   MAXIMUM CHANGE MODEL-(CELLID) OR
 OUTER ITERATION STEP       ITERATION  ITERATION  MAXIMUM CHANGE SUCCESS             MODEL-PACKAGE-(NUMBER)
 ----------------------------------------------------------------------------------------------------------
 Model                              1          2  8.94827073E-03                              1_GWF-(1,1,1)
 Model                              2          1       0.0000000       *                                   
 ----------------------------------------------------------------------------------------------------------


 2 CALLS TO NUMERICAL SOLUTION IN TIME STEP 1 STRESS PERIOD 198
 3 TOTAL ITERATIONS
 
    Solving:  Stress period:   199    Time step:     1
 
1
 STRESS PERIOD NO. 199, LENGTH =   1.000000    
 ------------------------------------------
 NUMBER OF TIME STEPS = 1
 MULTIPLIER FOR DELT =     1.000
 INITIAL TIME STEP SIZE =   1.000000    

 SLN_1 OUTER ITERATION SUMMARY
 ----------------------------------------------------------------------------------------------------------
                                OUTER      INNER                    STEP   MAXIMUM CHANGE MODEL-(CELLID) OR
 OUTER ITERATION STEP       ITERATION  ITERATION  MAXIMUM CHANGE SUCCESS             MODEL-PACKAGE-(NUMBER)
 ----------------------------------------------------------------------------------------------------------
 Model                              1          2  8.75690390E-03                              1_GWF-(1,1,1)
 Model                              2          1  3.50387477E-04       *                      1_GWF-(1,1,1)
 ----------------------------------------------------------------------------------------------------------


 2 CALLS TO NUMERICAL SOLUTION IN TIME STEP 1 STRESS PERIOD 199
 3 TOTAL ITERATIONS
 
    Solving:  Stress period:   200    Time step:     1
 
1
 STRESS PERIOD NO. 200, LENGTH =   1.000000    
 ------------------------------------------
 NUMBER OF TIME STEPS = 1
 MULTIPLIER FOR DELT =     1.000
 INITIAL TIME STEP SIZE =   1.000000    

 SLN_1 OUTER ITERATION SUMMARY
 ----------------------------------------------------------------------------------------------------------
                                OUTER      INNER                    STEP   MAXIMUM CHANGE MODEL-(CELLID) OR
 OUTER ITERATION STEP       ITERATION  ITERATION  MAXIMUM CHANGE SUCCESS             MODEL-PACKAGE-(NUMBER)
 ----------------------------------------------------------------------------------------------------------
 Model                              1          2  8.61137161E-03                              1_GWF-(1,1,1)
 Model                              2          1       0.0000000       *                                   
 ----------------------------------------------------------------------------------------------------------


 2 CALLS TO NUMERICAL SOLUTION IN TIME STEP 1 STRESS PERIOD 200
 3 TOTAL ITERATIONS
 
    Solving:  Stress period:   201    Time step:     1
 
1
 STRESS PERIOD NO. 201, LENGTH =   1.000000    
 ------------------------------------------
 NUMBER OF TIME STEPS = 1
 MULTIPLIER FOR DELT =     1.000
 INITIAL TIME STEP SIZE =   1.000000    

 SLN_1 OUTER ITERATION SUMMARY
 ----------------------------------------------------------------------------------------------------------
                                OUTER      INNER                    STEP   MAXIMUM CHANGE MODEL-(CELLID) OR
 OUTER ITERATION STEP       ITERATION  ITERATION  MAXIMUM CHANGE SUCCESS             MODEL-PACKAGE-(NUMBER)
 ----------------------------------------------------------------------------------------------------------
 Model                              1          2  7.77420053E-03                              1_GWF-(1,1,1)
 Model                              2          1       0.0000000       *                                   
 ----------------------------------------------------------------------------------------------------------


 2 CALLS TO NUMERICAL SOLUTION IN TIME STEP 1 STRESS PERIOD 201
 3 TOTAL ITERATIONS
 
    Solving:  Stress period:   202    Time step:     1
 
1
 STRESS PERIOD NO. 202, LENGTH =   1.000000    
 ------------------------------------------
 NUMBER OF TIME STEPS = 1
 MULTIPLIER FOR DELT =     1.000
 INITIAL TIME STEP SIZE =   1.000000    

 SLN_1 OUTER ITERATION SUMMARY
 ----------------------------------------------------------------------------------------------------------
                                OUTER      INNER                    STEP   MAXIMUM CHANGE MODEL-(CELLID) OR
 OUTER ITERATION STEP       ITERATION  ITERATION  MAXIMUM CHANGE SUCCESS             MODEL-PACKAGE-(NUMBER)
 ----------------------------------------------------------------------------------------------------------
 Model                              1          2  7.35009969E-03                              1_GWF-(1,1,1)
 Model                              2          1       0.0000000       *                                   
 ----------------------------------------------------------------------------------------------------------


 2 CALLS TO NUMERICAL SOLUTION IN TIME STEP 1 STRESS PERIOD 202
 3 TOTAL ITERATIONS
 
    Solving:  Stress period:   203    Time step:     1
 
1
 STRESS PERIOD NO. 203, LENGTH =   1.000000    
 ------------------------------------------
 NUMBER OF TIME STEPS = 1
 MULTIPLIER FOR DELT =     1.000
 INITIAL TIME STEP SIZE =   1.000000    

 SLN_1 OUTER ITERATION SUMMARY
 ----------------------------------------------------------------------------------------------------------
                                OUTER      INNER                    STEP   MAXIMUM CHANGE MODEL-(CELLID) OR
 OUTER ITERATION STEP       ITERATION  ITERATION  MAXIMUM CHANGE SUCCESS             MODEL-PACKAGE-(NUMBER)
 ----------------------------------------------------------------------------------------------------------
 Model                              1          2  7.10934021E-03                              1_GWF-(1,1,1)
 Model                              2          1       0.0000000       *                                   
 ----------------------------------------------------------------------------------------------------------


 2 CALLS TO NUMERICAL SOLUTION IN TIME STEP 1 STRESS PERIOD 203
 3 TOTAL ITERATIONS
 
    Solving:  Stress period:   204    Time step:     1
 
1
 STRESS PERIOD NO. 204, LENGTH =   1.000000    
 ------------------------------------------
 NUMBER OF TIME STEPS = 1
 MULTIPLIER FOR DELT =     1.000
 INITIAL TIME STEP SIZE =   1.000000    

 SLN_1 OUTER ITERATION SUMMARY
 ----------------------------------------------------------------------------------------------------------
                                OUTER      INNER                    STEP   MAXIMUM CHANGE MODEL-(CELLID) OR
 OUTER ITERATION STEP       ITERATION  ITERATION  MAXIMUM CHANGE SUCCESS             MODEL-PACKAGE-(NUMBER)
 ----------------------------------------------------------------------------------------------------------
 Model                              1          2  6.95130870E-03                              1_GWF-(1,1,1)
 Model                              2          1       0.0000000       *                                   
 ----------------------------------------------------------------------------------------------------------


 2 CALLS TO NUMERICAL SOLUTION IN TIME STEP 1 STRESS PERIOD 204
 3 TOTAL ITERATIONS
 
    Solving:  Stress period:   205    Time step:     1
 
1
 STRESS PERIOD NO. 205, LENGTH =   1.000000    
 ------------------------------------------
 NUMBER OF TIME STEPS = 1
 MULTIPLIER FOR DELT =     1.000
 INITIAL TIME STEP SIZE =   1.000000    

 SLN_1 OUTER ITERATION SUMMARY
 ----------------------------------------------------------------------------------------------------------
                                OUTER      INNER                    STEP   MAXIMUM CHANGE MODEL-(CELLID) OR
 OUTER ITERATION STEP       ITERATION  ITERATION  MAXIMUM CHANGE SUCCESS             MODEL-PACKAGE-(NUMBER)
 ----------------------------------------------------------------------------------------------------------
 Model                              1          2  6.83097077E-03                              1_GWF-(1,1,1)
 Model                              2          1       0.0000000       *                                   
 ----------------------------------------------------------------------------------------------------------


 2 CALLS TO NUMERICAL SOLUTION IN TIME STEP 1 STRESS PERIOD 205
 3 TOTAL ITERATIONS
 
    Solving:  Stress period:   206    Time step:     1
 
1
 STRESS PERIOD NO. 206, LENGTH =   1.000000    
 ------------------------------------------
 NUMBER OF TIME STEPS = 1
 MULTIPLIER FOR DELT =     1.000
 INITIAL TIME STEP SIZE =   1.000000    

 SLN_1 OUTER ITERATION SUMMARY
 ----------------------------------------------------------------------------------------------------------
                                OUTER      INNER                    STEP   MAXIMUM CHANGE MODEL-(CELLID) OR
 OUTER ITERATION STEP       ITERATION  ITERATION  MAXIMUM CHANGE SUCCESS             MODEL-PACKAGE-(NUMBER)
 ----------------------------------------------------------------------------------------------------------
 Model                              1          2  6.72783880E-03                              1_GWF-(1,1,1)
 Model                              2          1       0.0000000       *                                   
 ----------------------------------------------------------------------------------------------------------


 2 CALLS TO NUMERICAL SOLUTION IN TIME STEP 1 STRESS PERIOD 206
 3 TOTAL ITERATIONS
 
    Solving:  Stress period:   207    Time step:     1
 
1
 STRESS PERIOD NO. 207, LENGTH =   1.000000    
 ------------------------------------------
 NUMBER OF TIME STEPS = 1
 MULTIPLIER FOR DELT =     1.000
 INITIAL TIME STEP SIZE =   1.000000    

 SLN_1 OUTER ITERATION SUMMARY
 ----------------------------------------------------------------------------------------------------------
                                OUTER      INNER                    STEP   MAXIMUM CHANGE MODEL-(CELLID) OR
 OUTER ITERATION STEP       ITERATION  ITERATION  MAXIMUM CHANGE SUCCESS             MODEL-PACKAGE-(NUMBER)
 ----------------------------------------------------------------------------------------------------------
 Model                              1          2  6.63246757E-03                              1_GWF-(1,1,1)
 Model                              2          1       0.0000000       *                                   
 ----------------------------------------------------------------------------------------------------------


 2 CALLS TO NUMERICAL SOLUTION IN TIME STEP 1 STRESS PERIOD 207
 3 TOTAL ITERATIONS
 
    Solving:  Stress period:   208    Time step:     1
 
1
 STRESS PERIOD NO. 208, LENGTH =   1.000000    
 ------------------------------------------
 NUMBER OF TIME STEPS = 1
 MULTIPLIER FOR DELT =     1.000
 INITIAL TIME STEP SIZE =   1.000000    

 SLN_1 OUTER ITERATION SUMMARY
 ----------------------------------------------------------------------------------------------------------
                                OUTER      INNER                    STEP   MAXIMUM CHANGE MODEL-(CELLID) OR
 OUTER ITERATION STEP       ITERATION  ITERATION  MAXIMUM CHANGE SUCCESS             MODEL-PACKAGE-(NUMBER)
 ----------------------------------------------------------------------------------------------------------
 Model                              1          2  6.54111011E-03                              1_GWF-(1,1,1)
 Model                              2          1       0.0000000       *                                   
 ----------------------------------------------------------------------------------------------------------


 2 CALLS TO NUMERICAL SOLUTION IN TIME STEP 1 STRESS PERIOD 208
 3 TOTAL ITERATIONS
 
    Solving:  Stress period:   209    Time step:     1
 
1
 STRESS PERIOD NO. 209, LENGTH =   1.000000    
 ------------------------------------------
 NUMBER OF TIME STEPS = 1
 MULTIPLIER FOR DELT =     1.000
 INITIAL TIME STEP SIZE =   1.000000    

 SLN_1 OUTER ITERATION SUMMARY
 ----------------------------------------------------------------------------------------------------------
                                OUTER      INNER                    STEP   MAXIMUM CHANGE MODEL-(CELLID) OR
 OUTER ITERATION STEP       ITERATION  ITERATION  MAXIMUM CHANGE SUCCESS             MODEL-PACKAGE-(NUMBER)
 ----------------------------------------------------------------------------------------------------------
 Model                              1          2  6.45167501E-03                              1_GWF-(1,1,1)
 Model                              2          1       0.0000000       *                                   
 ----------------------------------------------------------------------------------------------------------


 2 CALLS TO NUMERICAL SOLUTION IN TIME STEP 1 STRESS PERIOD 209
 3 TOTAL ITERATIONS
 
    Solving:  Stress period:   210    Time step:     1
 
1
 STRESS PERIOD NO. 210, LENGTH =   1.000000    
 ------------------------------------------
 NUMBER OF TIME STEPS = 1
 MULTIPLIER FOR DELT =     1.000
 INITIAL TIME STEP SIZE =   1.000000    

 SLN_1 OUTER ITERATION SUMMARY
 ----------------------------------------------------------------------------------------------------------
                                OUTER      INNER                    STEP   MAXIMUM CHANGE MODEL-(CELLID) OR
 OUTER ITERATION STEP       ITERATION  ITERATION  MAXIMUM CHANGE SUCCESS             MODEL-PACKAGE-(NUMBER)
 ----------------------------------------------------------------------------------------------------------
 Model                              1          2  6.36385064E-03                              1_GWF-(1,1,1)
 Model                              2          1       0.0000000       *                                   
 ----------------------------------------------------------------------------------------------------------


 2 CALLS TO NUMERICAL SOLUTION IN TIME STEP 1 STRESS PERIOD 210
 3 TOTAL ITERATIONS
 
    Solving:  Stress period:   211    Time step:     1
 
1
 STRESS PERIOD NO. 211, LENGTH =   1.000000    
 ------------------------------------------
 NUMBER OF TIME STEPS = 1
 MULTIPLIER FOR DELT =     1.000
 INITIAL TIME STEP SIZE =   1.000000    

 SLN_1 OUTER ITERATION SUMMARY
 ----------------------------------------------------------------------------------------------------------
                                OUTER      INNER                    STEP   MAXIMUM CHANGE MODEL-(CELLID) OR
 OUTER ITERATION STEP       ITERATION  ITERATION  MAXIMUM CHANGE SUCCESS             MODEL-PACKAGE-(NUMBER)
 ----------------------------------------------------------------------------------------------------------
 Model                              1          2  6.27678039E-03                              1_GWF-(1,1,1)
 Model                              2          1       0.0000000       *                                   
 ----------------------------------------------------------------------------------------------------------


 2 CALLS TO NUMERICAL SOLUTION IN TIME STEP 1 STRESS PERIOD 211
 3 TOTAL ITERATIONS
 
    Solving:  Stress period:   212    Time step:     1
 
1
 STRESS PERIOD NO. 212, LENGTH =   1.000000    
 ------------------------------------------
 NUMBER OF TIME STEPS = 1
 MULTIPLIER FOR DELT =     1.000
 INITIAL TIME STEP SIZE =   1.000000    

 SLN_1 OUTER ITERATION SUMMARY
 ----------------------------------------------------------------------------------------------------------
                                OUTER      INNER                    STEP   MAXIMUM CHANGE MODEL-(CELLID) OR
 OUTER ITERATION STEP       ITERATION  ITERATION  MAXIMUM CHANGE SUCCESS             MODEL-PACKAGE-(NUMBER)
 ----------------------------------------------------------------------------------------------------------
 Model                              1          2  6.19079906E-03                              1_GWF-(1,1,1)
 Model                              2          1       0.0000000       *                                   
 ----------------------------------------------------------------------------------------------------------


 2 CALLS TO NUMERICAL SOLUTION IN TIME STEP 1 STRESS PERIOD 212
 3 TOTAL ITERATIONS
 
    Solving:  Stress period:   213    Time step:     1
 
1
 STRESS PERIOD NO. 213, LENGTH =   1.000000    
 ------------------------------------------
 NUMBER OF TIME STEPS = 1
 MULTIPLIER FOR DELT =     1.000
 INITIAL TIME STEP SIZE =   1.000000    

 SLN_1 OUTER ITERATION SUMMARY
 ----------------------------------------------------------------------------------------------------------
                                OUTER      INNER                    STEP   MAXIMUM CHANGE MODEL-(CELLID) OR
 OUTER ITERATION STEP       ITERATION  ITERATION  MAXIMUM CHANGE SUCCESS             MODEL-PACKAGE-(NUMBER)
 ----------------------------------------------------------------------------------------------------------
 Model                              1          2  6.10571532E-03                              1_GWF-(1,1,1)
 Model                              2          1       0.0000000       *                                   
 ----------------------------------------------------------------------------------------------------------


 2 CALLS TO NUMERICAL SOLUTION IN TIME STEP 1 STRESS PERIOD 213
 3 TOTAL ITERATIONS
 
    Solving:  Stress period:   214    Time step:     1
 
1
 STRESS PERIOD NO. 214, LENGTH =   1.000000    
 ------------------------------------------
 NUMBER OF TIME STEPS = 1
 MULTIPLIER FOR DELT =     1.000
 INITIAL TIME STEP SIZE =   1.000000    

 SLN_1 OUTER ITERATION SUMMARY
 ----------------------------------------------------------------------------------------------------------
                                OUTER      INNER                    STEP   MAXIMUM CHANGE MODEL-(CELLID) OR
 OUTER ITERATION STEP       ITERATION  ITERATION  MAXIMUM CHANGE SUCCESS             MODEL-PACKAGE-(NUMBER)
 ----------------------------------------------------------------------------------------------------------
 Model                              1          2  6.02115435E-03                              1_GWF-(1,1,1)
 Model                              2          2  1.63531421E-03                              1_GWF-(1,1,1)
 Model                              3          1       0.0000000       *                                   
 ----------------------------------------------------------------------------------------------------------


 3 CALLS TO NUMERICAL SOLUTION IN TIME STEP 1 STRESS PERIOD 214
 5 TOTAL ITERATIONS
 
    Solving:  Stress period:   215    Time step:     1
 
1
 STRESS PERIOD NO. 215, LENGTH =   1.000000    
 ------------------------------------------
 NUMBER OF TIME STEPS = 1
 MULTIPLIER FOR DELT =     1.000
 INITIAL TIME STEP SIZE =   1.000000    

 SLN_1 OUTER ITERATION SUMMARY
 ----------------------------------------------------------------------------------------------------------
                                OUTER      INNER                    STEP   MAXIMUM CHANGE MODEL-(CELLID) OR
 OUTER ITERATION STEP       ITERATION  ITERATION  MAXIMUM CHANGE SUCCESS             MODEL-PACKAGE-(NUMBER)
 ----------------------------------------------------------------------------------------------------------
 Model                              1          2  8.66613731E-03                              1_GWF-(1,1,1)
 Model                              2          1       0.0000000       *                                   
 ----------------------------------------------------------------------------------------------------------


 2 CALLS TO NUMERICAL SOLUTION IN TIME STEP 1 STRESS PERIOD 215
 3 TOTAL ITERATIONS
 
    Solving:  Stress period:   216    Time step:     1
 
1
 STRESS PERIOD NO. 216, LENGTH =   1.000000    
 ------------------------------------------
 NUMBER OF TIME STEPS = 1
 MULTIPLIER FOR DELT =     1.000
 INITIAL TIME STEP SIZE =   1.000000    

 SLN_1 OUTER ITERATION SUMMARY
 ----------------------------------------------------------------------------------------------------------
                                OUTER      INNER                    STEP   MAXIMUM CHANGE MODEL-(CELLID) OR
 OUTER ITERATION STEP       ITERATION  ITERATION  MAXIMUM CHANGE SUCCESS             MODEL-PACKAGE-(NUMBER)
 ----------------------------------------------------------------------------------------------------------
 Model                              1          2  9.64006782E-03                              1_GWF-(1,1,1)
 Model                              2          1       0.0000000       *                                   
 ----------------------------------------------------------------------------------------------------------


 2 CALLS TO NUMERICAL SOLUTION IN TIME STEP 1 STRESS PERIOD 216
 3 TOTAL ITERATIONS
 
    Solving:  Stress period:   217    Time step:     1
 
1
 STRESS PERIOD NO. 217, LENGTH =   1.000000    
 ------------------------------------------
 NUMBER OF TIME STEPS = 1
 MULTIPLIER FOR DELT =     1.000
 INITIAL TIME STEP SIZE =   1.000000    

 SLN_1 OUTER ITERATION SUMMARY
 ----------------------------------------------------------------------------------------------------------
                                OUTER      INNER                    STEP   MAXIMUM CHANGE MODEL-(CELLID) OR
 OUTER ITERATION STEP       ITERATION  ITERATION  MAXIMUM CHANGE SUCCESS             MODEL-PACKAGE-(NUMBER)
 ----------------------------------------------------------------------------------------------------------
 Model                              1          2  9.42129406E-03                              1_GWF-(1,1,1)
 Model                              2          1       0.0000000       *                                   
 ----------------------------------------------------------------------------------------------------------


 2 CALLS TO NUMERICAL SOLUTION IN TIME STEP 1 STRESS PERIOD 217
 3 TOTAL ITERATIONS
 
    Solving:  Stress period:   218    Time step:     1
 
1
 STRESS PERIOD NO. 218, LENGTH =   1.000000    
 ------------------------------------------
 NUMBER OF TIME STEPS = 1
 MULTIPLIER FOR DELT =     1.000
 INITIAL TIME STEP SIZE =   1.000000    

 SLN_1 OUTER ITERATION SUMMARY
 ----------------------------------------------------------------------------------------------------------
                                OUTER      INNER                    STEP   MAXIMUM CHANGE MODEL-(CELLID) OR
 OUTER ITERATION STEP       ITERATION  ITERATION  MAXIMUM CHANGE SUCCESS             MODEL-PACKAGE-(NUMBER)
 ----------------------------------------------------------------------------------------------------------
 Model                              1          2  9.03766525E-03                              1_GWF-(1,1,1)
 Model                              2          1       0.0000000       *                                   
 ----------------------------------------------------------------------------------------------------------


 2 CALLS TO NUMERICAL SOLUTION IN TIME STEP 1 STRESS PERIOD 218
 3 TOTAL ITERATIONS
 
    Solving:  Stress period:   219    Time step:     1
 
1
 STRESS PERIOD NO. 219, LENGTH =   1.000000    
 ------------------------------------------
 NUMBER OF TIME STEPS = 1
 MULTIPLIER FOR DELT =     1.000
 INITIAL TIME STEP SIZE =   1.000000    

 SLN_1 OUTER ITERATION SUMMARY
 ----------------------------------------------------------------------------------------------------------
                                OUTER      INNER                    STEP   MAXIMUM CHANGE MODEL-(CELLID) OR
 OUTER ITERATION STEP       ITERATION  ITERATION  MAXIMUM CHANGE SUCCESS             MODEL-PACKAGE-(NUMBER)
 ----------------------------------------------------------------------------------------------------------
 Model                              1          2  8.63599057E-03                              1_GWF-(1,1,1)
 Model                              2          1       0.0000000       *                                   
 ----------------------------------------------------------------------------------------------------------


 2 CALLS TO NUMERICAL SOLUTION IN TIME STEP 1 STRESS PERIOD 219
 3 TOTAL ITERATIONS
 
    Solving:  Stress period:   220    Time step:     1
 
1
 STRESS PERIOD NO. 220, LENGTH =   1.000000    
 ------------------------------------------
 NUMBER OF TIME STEPS = 1
 MULTIPLIER FOR DELT =     1.000
 INITIAL TIME STEP SIZE =   1.000000    

 SLN_1 OUTER ITERATION SUMMARY
 ----------------------------------------------------------------------------------------------------------
                                OUTER      INNER                    STEP   MAXIMUM CHANGE MODEL-(CELLID) OR
 OUTER ITERATION STEP       ITERATION  ITERATION  MAXIMUM CHANGE SUCCESS             MODEL-PACKAGE-(NUMBER)
 ----------------------------------------------------------------------------------------------------------
 Model                              1          2  8.24103666E-03                              1_GWF-(1,1,1)
 Model                              2          1       0.0000000       *                                   
 ----------------------------------------------------------------------------------------------------------


 2 CALLS TO NUMERICAL SOLUTION IN TIME STEP 1 STRESS PERIOD 220
 3 TOTAL ITERATIONS
 
    Solving:  Stress period:   221    Time step:     1
 
1
 STRESS PERIOD NO. 221, LENGTH =   1.000000    
 ------------------------------------------
 NUMBER OF TIME STEPS = 1
 MULTIPLIER FOR DELT =     1.000
 INITIAL TIME STEP SIZE =   1.000000    

 SLN_1 OUTER ITERATION SUMMARY
 ----------------------------------------------------------------------------------------------------------
                                OUTER      INNER                    STEP   MAXIMUM CHANGE MODEL-(CELLID) OR
 OUTER ITERATION STEP       ITERATION  ITERATION  MAXIMUM CHANGE SUCCESS             MODEL-PACKAGE-(NUMBER)
 ----------------------------------------------------------------------------------------------------------
 Model                              1          2  7.85748406E-03                              1_GWF-(1,1,1)
 Model                              2          1       0.0000000       *                                   
 ----------------------------------------------------------------------------------------------------------


 2 CALLS TO NUMERICAL SOLUTION IN TIME STEP 1 STRESS PERIOD 221
 3 TOTAL ITERATIONS
 
    Solving:  Stress period:   222    Time step:     1
 
1
 STRESS PERIOD NO. 222, LENGTH =   1.000000    
 ------------------------------------------
 NUMBER OF TIME STEPS = 1
 MULTIPLIER FOR DELT =     1.000
 INITIAL TIME STEP SIZE =   1.000000    

 SLN_1 OUTER ITERATION SUMMARY
 ----------------------------------------------------------------------------------------------------------
                                OUTER      INNER                    STEP   MAXIMUM CHANGE MODEL-(CELLID) OR
 OUTER ITERATION STEP       ITERATION  ITERATION  MAXIMUM CHANGE SUCCESS             MODEL-PACKAGE-(NUMBER)
 ----------------------------------------------------------------------------------------------------------
 Model                              1          2  7.48638367E-03                              1_GWF-(1,1,1)
 Model                              2          1       0.0000000       *                                   
 ----------------------------------------------------------------------------------------------------------


 2 CALLS TO NUMERICAL SOLUTION IN TIME STEP 1 STRESS PERIOD 222
 3 TOTAL ITERATIONS
 
    Solving:  Stress period:   223    Time step:     1
 
1
 STRESS PERIOD NO. 223, LENGTH =   1.000000    
 ------------------------------------------
 NUMBER OF TIME STEPS = 1
 MULTIPLIER FOR DELT =     1.000
 INITIAL TIME STEP SIZE =   1.000000    

 SLN_1 OUTER ITERATION SUMMARY
 ----------------------------------------------------------------------------------------------------------
                                OUTER      INNER                    STEP   MAXIMUM CHANGE MODEL-(CELLID) OR
 OUTER ITERATION STEP       ITERATION  ITERATION  MAXIMUM CHANGE SUCCESS             MODEL-PACKAGE-(NUMBER)
 ----------------------------------------------------------------------------------------------------------
 Model                              1          2  7.12823299E-03                              1_GWF-(1,1,1)
 Model                              2          1       0.0000000       *                                   
 ----------------------------------------------------------------------------------------------------------


 2 CALLS TO NUMERICAL SOLUTION IN TIME STEP 1 STRESS PERIOD 223
 3 TOTAL ITERATIONS
 
    Solving:  Stress period:   224    Time step:     1
 
1
 STRESS PERIOD NO. 224, LENGTH =   1.000000    
 ------------------------------------------
 NUMBER OF TIME STEPS = 1
 MULTIPLIER FOR DELT =     1.000
 INITIAL TIME STEP SIZE =   1.000000    

 SLN_1 OUTER ITERATION SUMMARY
 ----------------------------------------------------------------------------------------------------------
                                OUTER      INNER                    STEP   MAXIMUM CHANGE MODEL-(CELLID) OR
 OUTER ITERATION STEP       ITERATION  ITERATION  MAXIMUM CHANGE SUCCESS             MODEL-PACKAGE-(NUMBER)
 ----------------------------------------------------------------------------------------------------------
 Model                              1          2  6.78486970E-03                              1_GWF-(1,1,1)
 Model                              2          1       0.0000000       *                                   
 ----------------------------------------------------------------------------------------------------------


 2 CALLS TO NUMERICAL SOLUTION IN TIME STEP 1 STRESS PERIOD 224
 3 TOTAL ITERATIONS
 
    Solving:  Stress period:   225    Time step:     1
 
1
 STRESS PERIOD NO. 225, LENGTH =   1.000000    
 ------------------------------------------
 NUMBER OF TIME STEPS = 1
 MULTIPLIER FOR DELT =     1.000
 INITIAL TIME STEP SIZE =   1.000000    

 SLN_1 OUTER ITERATION SUMMARY
 ----------------------------------------------------------------------------------------------------------
                                OUTER      INNER                    STEP   MAXIMUM CHANGE MODEL-(CELLID) OR
 OUTER ITERATION STEP       ITERATION  ITERATION  MAXIMUM CHANGE SUCCESS             MODEL-PACKAGE-(NUMBER)
 ----------------------------------------------------------------------------------------------------------
 Model                              1          2  6.45530453E-03                              1_GWF-(1,1,1)
 Model                              2          1       0.0000000       *                                   
 ----------------------------------------------------------------------------------------------------------


 2 CALLS TO NUMERICAL SOLUTION IN TIME STEP 1 STRESS PERIOD 225
 3 TOTAL ITERATIONS
 
    Solving:  Stress period:   226    Time step:     1
 
1
 STRESS PERIOD NO. 226, LENGTH =   1.000000    
 ------------------------------------------
 NUMBER OF TIME STEPS = 1
 MULTIPLIER FOR DELT =     1.000
 INITIAL TIME STEP SIZE =   1.000000    

 SLN_1 OUTER ITERATION SUMMARY
 ----------------------------------------------------------------------------------------------------------
                                OUTER      INNER                    STEP   MAXIMUM CHANGE MODEL-(CELLID) OR
 OUTER ITERATION STEP       ITERATION  ITERATION  MAXIMUM CHANGE SUCCESS             MODEL-PACKAGE-(NUMBER)
 ----------------------------------------------------------------------------------------------------------
 Model                              1          2  6.13985555E-03                              1_GWF-(1,1,1)
 Model                              2          1  3.82356742E-05       *                      1_GWF-(1,1,1)
 ----------------------------------------------------------------------------------------------------------


 2 CALLS TO NUMERICAL SOLUTION IN TIME STEP 1 STRESS PERIOD 226
 3 TOTAL ITERATIONS
 
    Solving:  Stress period:   227    Time step:     1
 
1
 STRESS PERIOD NO. 227, LENGTH =   1.000000    
 ------------------------------------------
 NUMBER OF TIME STEPS = 1
 MULTIPLIER FOR DELT =     1.000
 INITIAL TIME STEP SIZE =   1.000000    

 SLN_1 OUTER ITERATION SUMMARY
 ----------------------------------------------------------------------------------------------------------
                                OUTER      INNER                    STEP   MAXIMUM CHANGE MODEL-(CELLID) OR
 OUTER ITERATION STEP       ITERATION  ITERATION  MAXIMUM CHANGE SUCCESS             MODEL-PACKAGE-(NUMBER)
 ----------------------------------------------------------------------------------------------------------
 Model                              1          2  5.72999706E-03                              1_GWF-(1,1,1)
 Model                              2          1       0.0000000       *                                   
 ----------------------------------------------------------------------------------------------------------


 2 CALLS TO NUMERICAL SOLUTION IN TIME STEP 1 STRESS PERIOD 227
 3 TOTAL ITERATIONS
 
    Solving:  Stress period:   228    Time step:     1
 
1
 STRESS PERIOD NO. 228, LENGTH =   1.000000    
 ------------------------------------------
 NUMBER OF TIME STEPS = 1
 MULTIPLIER FOR DELT =     1.000
 INITIAL TIME STEP SIZE =   1.000000    

 SLN_1 OUTER ITERATION SUMMARY
 ----------------------------------------------------------------------------------------------------------
                                OUTER      INNER                    STEP   MAXIMUM CHANGE MODEL-(CELLID) OR
 OUTER ITERATION STEP       ITERATION  ITERATION  MAXIMUM CHANGE SUCCESS             MODEL-PACKAGE-(NUMBER)
 ----------------------------------------------------------------------------------------------------------
 Model                              1          2  4.95216400E-03                              1_GWF-(1,1,1)
 Model                              2          1       0.0000000       *                                   
 ----------------------------------------------------------------------------------------------------------


 2 CALLS TO NUMERICAL SOLUTION IN TIME STEP 1 STRESS PERIOD 228
 3 TOTAL ITERATIONS
 
    Solving:  Stress period:   229    Time step:     1
 
1
 STRESS PERIOD NO. 229, LENGTH =   1.000000    
 ------------------------------------------
 NUMBER OF TIME STEPS = 1
 MULTIPLIER FOR DELT =     1.000
 INITIAL TIME STEP SIZE =   1.000000    

 SLN_1 OUTER ITERATION SUMMARY
 ----------------------------------------------------------------------------------------------------------
                                OUTER      INNER                    STEP   MAXIMUM CHANGE MODEL-(CELLID) OR
 OUTER ITERATION STEP       ITERATION  ITERATION  MAXIMUM CHANGE SUCCESS             MODEL-PACKAGE-(NUMBER)
 ----------------------------------------------------------------------------------------------------------
 Model                              1          2  5.98311509E-03                              1_GWF-(1,1,1)
 Model                              2          1       0.0000000       *                                   
 ----------------------------------------------------------------------------------------------------------


 2 CALLS TO NUMERICAL SOLUTION IN TIME STEP 1 STRESS PERIOD 229
 3 TOTAL ITERATIONS
 
    Solving:  Stress period:   230    Time step:     1
 
1
 STRESS PERIOD NO. 230, LENGTH =   1.000000    
 ------------------------------------------
 NUMBER OF TIME STEPS = 1
 MULTIPLIER FOR DELT =     1.000
 INITIAL TIME STEP SIZE =   1.000000    

 SLN_1 OUTER ITERATION SUMMARY
 ----------------------------------------------------------------------------------------------------------
                                OUTER      INNER                    STEP   MAXIMUM CHANGE MODEL-(CELLID) OR
 OUTER ITERATION STEP       ITERATION  ITERATION  MAXIMUM CHANGE SUCCESS             MODEL-PACKAGE-(NUMBER)
 ----------------------------------------------------------------------------------------------------------
 Model                              1          2  5.56058589E-03                              1_GWF-(1,1,1)
 Model                              2          1       0.0000000       *                                   
 ----------------------------------------------------------------------------------------------------------


 2 CALLS TO NUMERICAL SOLUTION IN TIME STEP 1 STRESS PERIOD 230
 3 TOTAL ITERATIONS
 
    Solving:  Stress period:   231    Time step:     1
 
1
 STRESS PERIOD NO. 231, LENGTH =   1.000000    
 ------------------------------------------
 NUMBER OF TIME STEPS = 1
 MULTIPLIER FOR DELT =     1.000
 INITIAL TIME STEP SIZE =   1.000000    

 SLN_1 OUTER ITERATION SUMMARY
 ----------------------------------------------------------------------------------------------------------
                                OUTER      INNER                    STEP   MAXIMUM CHANGE MODEL-(CELLID) OR
 OUTER ITERATION STEP       ITERATION  ITERATION  MAXIMUM CHANGE SUCCESS             MODEL-PACKAGE-(NUMBER)
 ----------------------------------------------------------------------------------------------------------
 Model                              1          2  6.48340889E-03                              1_GWF-(1,1,1)
 Model                              2          1       0.0000000       *                                   
 ----------------------------------------------------------------------------------------------------------


 2 CALLS TO NUMERICAL SOLUTION IN TIME STEP 1 STRESS PERIOD 231
 3 TOTAL ITERATIONS
 
    Solving:  Stress period:   232    Time step:     1
 
1
 STRESS PERIOD NO. 232, LENGTH =   1.000000    
 ------------------------------------------
 NUMBER OF TIME STEPS = 1
 MULTIPLIER FOR DELT =     1.000
 INITIAL TIME STEP SIZE =   1.000000    

 SLN_1 OUTER ITERATION SUMMARY
 ----------------------------------------------------------------------------------------------------------
                                OUTER      INNER                    STEP   MAXIMUM CHANGE MODEL-(CELLID) OR
 OUTER ITERATION STEP       ITERATION  ITERATION  MAXIMUM CHANGE SUCCESS             MODEL-PACKAGE-(NUMBER)
 ----------------------------------------------------------------------------------------------------------
 Model                              1          2  6.15838077E-03                              1_GWF-(1,1,1)
 Model                              2          1       0.0000000       *                                   
 ----------------------------------------------------------------------------------------------------------


 2 CALLS TO NUMERICAL SOLUTION IN TIME STEP 1 STRESS PERIOD 232
 3 TOTAL ITERATIONS
 
    Solving:  Stress period:   233    Time step:     1
 
1
 STRESS PERIOD NO. 233, LENGTH =   1.000000    
 ------------------------------------------
 NUMBER OF TIME STEPS = 1
 MULTIPLIER FOR DELT =     1.000
 INITIAL TIME STEP SIZE =   1.000000    

 SLN_1 OUTER ITERATION SUMMARY
 ----------------------------------------------------------------------------------------------------------
                                OUTER      INNER                    STEP   MAXIMUM CHANGE MODEL-(CELLID) OR
 OUTER ITERATION STEP       ITERATION  ITERATION  MAXIMUM CHANGE SUCCESS             MODEL-PACKAGE-(NUMBER)
 ----------------------------------------------------------------------------------------------------------
 Model                              1          2  7.19808360E-03                              1_GWF-(1,1,1)
 Model                              2          1       0.0000000       *                                   
 ----------------------------------------------------------------------------------------------------------


 2 CALLS TO NUMERICAL SOLUTION IN TIME STEP 1 STRESS PERIOD 233
 3 TOTAL ITERATIONS
 
    Solving:  Stress period:   234    Time step:     1
 
1
 STRESS PERIOD NO. 234, LENGTH =   1.000000    
 ------------------------------------------
 NUMBER OF TIME STEPS = 1
 MULTIPLIER FOR DELT =     1.000
 INITIAL TIME STEP SIZE =   1.000000    

 SLN_1 OUTER ITERATION SUMMARY
 ----------------------------------------------------------------------------------------------------------
                                OUTER      INNER                    STEP   MAXIMUM CHANGE MODEL-(CELLID) OR
 OUTER ITERATION STEP       ITERATION  ITERATION  MAXIMUM CHANGE SUCCESS             MODEL-PACKAGE-(NUMBER)
 ----------------------------------------------------------------------------------------------------------
 Model                              1          2  7.74841532E-03                              1_GWF-(1,1,1)
 Model                              2          1       0.0000000       *                                   
 ----------------------------------------------------------------------------------------------------------


 2 CALLS TO NUMERICAL SOLUTION IN TIME STEP 1 STRESS PERIOD 234
 3 TOTAL ITERATIONS
 
    Solving:  Stress period:   235    Time step:     1
 
1
 STRESS PERIOD NO. 235, LENGTH =   1.000000    
 ------------------------------------------
 NUMBER OF TIME STEPS = 1
 MULTIPLIER FOR DELT =     1.000
 INITIAL TIME STEP SIZE =   1.000000    

 SLN_1 OUTER ITERATION SUMMARY
 ----------------------------------------------------------------------------------------------------------
                                OUTER      INNER                    STEP   MAXIMUM CHANGE MODEL-(CELLID) OR
 OUTER ITERATION STEP       ITERATION  ITERATION  MAXIMUM CHANGE SUCCESS             MODEL-PACKAGE-(NUMBER)
 ----------------------------------------------------------------------------------------------------------
 Model                              1          2  8.57183306E-03                              1_GWF-(1,1,1)
 Model                              2          1       0.0000000       *                                   
 ----------------------------------------------------------------------------------------------------------


 2 CALLS TO NUMERICAL SOLUTION IN TIME STEP 1 STRESS PERIOD 235
 3 TOTAL ITERATIONS
 
    Solving:  Stress period:   236    Time step:     1
 
1
 STRESS PERIOD NO. 236, LENGTH =   1.000000    
 ------------------------------------------
 NUMBER OF TIME STEPS = 1
 MULTIPLIER FOR DELT =     1.000
 INITIAL TIME STEP SIZE =   1.000000    

 SLN_1 OUTER ITERATION SUMMARY
 ----------------------------------------------------------------------------------------------------------
                                OUTER      INNER                    STEP   MAXIMUM CHANGE MODEL-(CELLID) OR
 OUTER ITERATION STEP       ITERATION  ITERATION  MAXIMUM CHANGE SUCCESS             MODEL-PACKAGE-(NUMBER)
 ----------------------------------------------------------------------------------------------------------
 Model                              1          2  6.22243162E-03                              1_GWF-(2,1,1)
 Model                              2          1       0.0000000       *                                   
 ----------------------------------------------------------------------------------------------------------


 2 CALLS TO NUMERICAL SOLUTION IN TIME STEP 1 STRESS PERIOD 236
 3 TOTAL ITERATIONS
 
    Solving:  Stress period:   237    Time step:     1
 
1
 STRESS PERIOD NO. 237, LENGTH =   1.000000    
 ------------------------------------------
 NUMBER OF TIME STEPS = 1
 MULTIPLIER FOR DELT =     1.000
 INITIAL TIME STEP SIZE =   1.000000    

 SLN_1 OUTER ITERATION SUMMARY
 ----------------------------------------------------------------------------------------------------------
                                OUTER      INNER                    STEP   MAXIMUM CHANGE MODEL-(CELLID) OR
 OUTER ITERATION STEP       ITERATION  ITERATION  MAXIMUM CHANGE SUCCESS             MODEL-PACKAGE-(NUMBER)
 ----------------------------------------------------------------------------------------------------------
 Model                              1          2  8.18698719E-03                              1_GWF-(1,1,1)
 Model                              2          1       0.0000000       *                                   
 ----------------------------------------------------------------------------------------------------------


 2 CALLS TO NUMERICAL SOLUTION IN TIME STEP 1 STRESS PERIOD 237
 3 TOTAL ITERATIONS
 
    Solving:  Stress period:   238    Time step:     1
 
1
 STRESS PERIOD NO. 238, LENGTH =   1.000000    
 ------------------------------------------
 NUMBER OF TIME STEPS = 1
 MULTIPLIER FOR DELT =     1.000
 INITIAL TIME STEP SIZE =   1.000000    

 SLN_1 OUTER ITERATION SUMMARY
 ----------------------------------------------------------------------------------------------------------
                                OUTER      INNER                    STEP   MAXIMUM CHANGE MODEL-(CELLID) OR
 OUTER ITERATION STEP       ITERATION  ITERATION  MAXIMUM CHANGE SUCCESS             MODEL-PACKAGE-(NUMBER)
 ----------------------------------------------------------------------------------------------------------
 Model                              1          2  4.39762257E-03                              1_GWF-(4,1,1)
 Model                              2          1       0.0000000       *                                   
 ----------------------------------------------------------------------------------------------------------


 2 CALLS TO NUMERICAL SOLUTION IN TIME STEP 1 STRESS PERIOD 238
 3 TOTAL ITERATIONS
 
    Solving:  Stress period:   239    Time step:     1
 
1
 STRESS PERIOD NO. 239, LENGTH =   1.000000    
 ------------------------------------------
 NUMBER OF TIME STEPS = 1
 MULTIPLIER FOR DELT =     1.000
 INITIAL TIME STEP SIZE =   1.000000    

 SLN_1 OUTER ITERATION SUMMARY
 ----------------------------------------------------------------------------------------------------------
                                OUTER      INNER                    STEP   MAXIMUM CHANGE MODEL-(CELLID) OR
 OUTER ITERATION STEP       ITERATION  ITERATION  MAXIMUM CHANGE SUCCESS             MODEL-PACKAGE-(NUMBER)
 ----------------------------------------------------------------------------------------------------------
 Model                              1          2  9.35561884E-03                              1_GWF-(1,1,1)
 Model                              2          1       0.0000000       *                                   
 ----------------------------------------------------------------------------------------------------------


 2 CALLS TO NUMERICAL SOLUTION IN TIME STEP 1 STRESS PERIOD 239
 3 TOTAL ITERATIONS
 
    Solving:  Stress period:   240    Time step:     1
 
1
 STRESS PERIOD NO. 240, LENGTH =   1.000000    
 ------------------------------------------
 NUMBER OF TIME STEPS = 1
 MULTIPLIER FOR DELT =     1.000
 INITIAL TIME STEP SIZE =   1.000000    

 SLN_1 OUTER ITERATION SUMMARY
 ----------------------------------------------------------------------------------------------------------
                                OUTER      INNER                    STEP   MAXIMUM CHANGE MODEL-(CELLID) OR
 OUTER ITERATION STEP       ITERATION  ITERATION  MAXIMUM CHANGE SUCCESS             MODEL-PACKAGE-(NUMBER)
 ----------------------------------------------------------------------------------------------------------
 Model                              1          2  1.05015444E-03                              1_GWF-(5,1,1)
 Model                              2          1       0.0000000       *                                   
 ----------------------------------------------------------------------------------------------------------


 2 CALLS TO NUMERICAL SOLUTION IN TIME STEP 1 STRESS PERIOD 240
 3 TOTAL ITERATIONS

 DETAILED INFORMATION ON VARIABLES STORED IN THE MEMORY MANAGER
 -----------------------------------------------------------------------------------------------------------------------------------------------------------------------------
 ORIGIN                                             VARIABLE NAME    DATA TYPE             NUMBER OF ITEMS ASSOCIATED VARIABLE                                                
 -----------------------------------------------------------------------------------------------------------------------------------------------------------------------------
 SLN_1                                              NCOL             INTEGER                             1 --                                                                 
 MODEL/GHB-1                                        BOUNDNAME        STRING LEN=40                       0 --                                                                 
 MODEL/HFB                                          IPRFLOW          INTEGER                             1 --                                                                 
 MODEL/STO                                          INUNIT           INTEGER                             1 --                                                                 
 SLN_1/IMSLINEAR                                    ID               INTEGER                             5 --                                                                 
 MODEL/GHB-1                                        NPAKEQ           INTEGER                             1 --                                                                 
 MODEL/GHB-1                                        AUXNAME          STRING LEN=16                       0 --                                                                 
 TDIS                                               PERTIMSAV        DOUBLE                              1 --                                                                 
 __INPUT__/MODEL                                    INUNITS          INTEGER                             8 --                                                                 
 MODEL                                              INOC             INTEGER                             1 --                                                                 
 MODEL/GNC                                          IASYM            INTEGER                             1 --                                                                 
 MODEL                                              INHFB            INTEGER                             1 --                                                                 
 MODEL/SOF                                          ELEV             DOUBLE                              1 __INPUT__/MODEL/SOF/ELEV                                           
 SLN_1/IMSLINEAR                                    WLU              DOUBLE                              1 --                                                                 
 MODEL/BUY                                          INPUT_FNAME      STRING LEN=300                      1 --                                                                 
 MODEL/GNC                                          IONPER           INTEGER                             1 --                                                                 
 MODEL/DIS                                          BOT3D            DOUBLE                              5 --                                                                 
 SLN_1/IMSLINEAR                                    IW               INTEGER                             5 --                                                                 
 MODEL                                              NJA              INTEGER                             1 --                                                                 
 MODEL/GHB-1                                        NAUX             INTEGER                             1 --                                                                 
 SLN_1/IMSLINEAR                                    ARO              DOUBLE                              1 --                                                                 
 MODEL/GHB-1                                        ID               INTEGER                             1 --                                                                 
 TDIS                                               TOPERTIM         DOUBLE                              1 --                                                                 
 MODEL/VSC                                          VISCREF          DOUBLE                              1 --                                                                 
 MODEL/HFB                                          IONPER           INTEGER                             1 --                                                                 
 MODEL/SOF                                          INOBSPKG         INTEGER                             1 --                                                                 
 MODEL/SOF                                          IAUXDDRNCOL      INTEGER                             1 --                                                                 
 MODEL/XT3D                                         NUMEXTNBRS       INTEGER                             1 --                                                                 
 MODEL/RCH-1                                        NCOLBND          INTEGER                             1 --                                                                 
 MODEL/SOF                                          CELLID           INTEGER                             3 __INPUT__/MODEL/SOF/CELLID                                         
 __INPUT__/SIM/NAM                                  TDIS6            STRING LEN=300                      1 --                                                                 
 SLN_1/IMSLINEAR                                    JAPC             INTEGER                            13 --                                                                 
 SLN_1/IMSLINEAR                                    NJAPC            INTEGER                             1 --                                                                 
 MODEL/DIS                                          INUNIT           INTEGER                             1 --                                                                 
 MODEL/GNC                                          IPRPAK           INTEGER                             1 --                                                                 
 MODEL/SOF                                          SIMVALS          DOUBLE                              1 --                                                                 
 MODEL/STO                                          INEWTON          INTEGER                             1 --                                                                 
 MODEL/GHB-1                                        SIMTOMVR         DOUBLE                              0 --                                                                 
 MODEL/DIS                                          ICONDIR          INTEGER                             1 --                                                                 
 MODEL                                              MOFFSET          INTEGER                             1 --                                                                 
 MODEL                                              INSTO            INTEGER                             1 --                                                                 
 MODEL/GNC                                          PACKAGE_TYPE     STRING LEN=5                        1 --                                                                 
 MODEL/HFB                                          IPRPAK           INTEGER                             1 --                                                                 
 MODEL/CSUB                                         IAUXMULTCOL      INTEGER                             1 --                                                                 
 __INPUT__/MODEL/NPF                                ISAVSAT          INTEGER                             1 --                                                                 
 SLN_1                                              BIGCHOLD         DOUBLE                              1 --                                                                 
 MODEL/DIS                                          AREA             DOUBLE                              5 --                                                                 
 SLN_1                                              MATRIX_OFFSET    INTEGER                             1 --                                                                 
 SLN_1/IMSLINEAR                                    JW               INTEGER                             1 --                                                                 
 MODEL/MVR                                          IOUT             INTEGER                             1 --                                                                 
 TDIS                                               ENDOFSIMULATION  LOGICAL                             1 --                                                                 
 SLN_1                                              AMOMENTUM        DOUBLE                              1 --                                                                 
 MODEL/CSUB                                         INEWTON          INTEGER                             1 --                                                                 
 MODEL/NPF                                          IPRFLOW          INTEGER                             1 --                                                                 
 SLN_1                                              CONVNMOD         INTEGER                             1 --                                                                 
 MODEL/NPF                                          IK33OVERK        INTEGER                             1 --                                                                 
 MODEL/CSUB                                         LASTONPER        INTEGER                             1 --                                                                 
 MODEL/CON                                          NODES            INTEGER                             1 --                                                                 
 MODEL/DIS                                          NJAS             INTEGER                             1 --                                                                 
 MODEL/SOF                                          BOUNDNAME_CST    STRING LEN=40                       0 --                                                                 
 MODEL/MVR                                          INUNIT           INTEGER                             1 --                                                                 
 TDIS                                               TOTIMSAV         DOUBLE                              1 --                                                                 
 MODEL/SOF                                          NBOUND           INTEGER                             1 --                                                                 
 MODEL/IC                                           IPRFLOW          INTEGER                             1 --                                                                 
 MODEL/RCH-1                                        ISADVPAK         INTEGER                             1 --                                                                 
 __INPUT__/MODEL/RCH-1                              INPUT_FNAME      STRING LEN=300                      1 --                                                                 
 __INPUT__/MODEL/GHB-1                              NCPL             INTEGER                             1 --                                                                 
 MODEL/RCH-1                                        SIMVALS          DOUBLE                              1 --                                                                 
 __INPUT__/MODEL/STO                                IONPER           INTEGER                             1 --                                                                 
 MODEL/STO                                          PACKAGE_TYPE     STRING LEN=5                        1 --                                                                 
 MODEL/CSUB                                         GWFISS0          INTEGER                             1 --                                                                 
 MODEL/HFB                                          LASTONPER        INTEGER                             1 --                                                                 
 MODEL/NPF                                          PACKAGE_TYPE     STRING LEN=5                        1 --                                                                 
 MODEL/GHB-1                                        CELLID           INTEGER                             3 __INPUT__/MODEL/GHB-1/CELLID                                       
 __INPUT__/MODEL/GHB-1                              IPER             INTEGER                             1 --                                                                 
 MODEL                                              IDXGLO           INTEGER                            13 --                                                                 
 __INPUT__/SIM/NAM                                  PRPROF           STRING LEN=300                      1 --                                                                 
 MODEL/GHB-1                                        COND             DOUBLE                              1 __INPUT__/MODEL/GHB-1/COND                                         
 MODEL                                              INNPF            INTEGER                             1 --                                                                 
 MODEL/GHB-1                                        IPRFLOW          INTEGER                             1 --                                                                 
 MODEL/GHB-1                                        BOUNDNAME_CST    STRING LEN=40                       0 --                                                                 
 MODEL/DIS                                          ANGROT           DOUBLE                              1 --                                                                 
 MODEL/CSUB                                         IOUTCOMP         INTEGER                             1 --                                                                 
 SLN_1/IMSLINEAR                                    JARO             INTEGER                             1 --                                                                 
 MODEL/SOF                                          AUXNAME          STRING LEN=16                       0 --                                                                 
 MODEL/CSUB                                         NBOUND           INTEGER                             1 --                                                                 
 SLN_1                                              ISYMMETRIC       INTEGER                             1 --                                                                 
 SLN_1/IMSLINEAR                                    LEVEL            INTEGER                             1 --                                                                 
 __INPUT__/MODEL/NAM                                PNAME            STRING LEN=300                      8 --                                                                 
 MODEL/OC                                           INUNIT           INTEGER                             1 --                                                                 
 MODEL/NPF                                          INPUT_FNAME      STRING LEN=300                      1 --                                                                 
 SLN_1                                              ITERTOT_TIMESTEP INTEGER                             1 --                                                                 
 MODEL/GNC                                          IPAKCB           INTEGER                             1 --                                                                 
 MODEL/VSC                                          A2               DOUBLE                              1 --                                                                 
 MODEL/CON                                          IAUSR            INTEGER                             1 --                                                                 
 MODEL/VSC                                          A3               DOUBLE                              1 --                                                                 
 MODEL/SOF                                          IBCNUM           INTEGER                             1 --                                                                 
 MODEL/VSC                                          A4               DOUBLE                              1 --                                                                 
 MODEL/HFB                                          IPAKCB           INTEGER                             1 --                                                                 
 SLN_1                                              DVCLOSE          DOUBLE                              1 --                                                                 
 MODEL/DIS                                          MSHAPE           INTEGER                             3 --                                                                 
 MODEL                                              ICNVG            INTEGER                             1 --                                                                 
 SLN_1/IMSLINEAR                                    ISCL             INTEGER                             1 --                                                                 
 MODEL/GHB-1                                        NBOUND           INTEGER                             1 --                                                                 
 MODEL/NPF                                          ID               INTEGER                             1 --                                                                 
 MODEL/CSUB                                         PACKAGE_TYPE     STRING LEN=5                        1 --                                                                 
 MODEL/RCH-1                                        LISTLABEL        STRING LEN=500                      1 --                                                                 
 MODEL/SOF                                          INPUT_FNAME      STRING LEN=300                      1 --                                                                 
 __INPUT__/MODEL/STO                                ISTOR_COEF       INTEGER                             1 --                                                                 
 MODEL/GHB-1                                        INAMEDBOUND      INTEGER                             1 --                                                                 
 __INPUT__/SIM/NAM                                  HPC6_FILENAME    STRING LEN=300                      0 --                                                                 
 SLN_1                                              HCHOLD           DOUBLE                              5 --                                                                 
 __INPUT__/MODEL/NAM                                FTYPE            STRING LEN=300                      8 --                                                                 
 __INPUT__/MODEL                                    PKGTYPES         STRING LEN=7                        8 --                                                                 
 MODEL/SOF                                          HCOF             DOUBLE                              1 --                                                                 
 SLN_1/IMSLINEAR                                    QHAT             DOUBLE                              5 --                                                                 
 __INPUT__/SIM/NAM                                  PRINT_INPUT      INTEGER                             1 --                                                                 
 MODEL/CSUB                                         IPAKCSV          INTEGER                             1 --                                                                 
 SLN_1                                              MXITER           INTEGER                             1 --                                                                 
 SLN_1                                              ATSFRAC          DOUBLE                              1 --                                                                 
 MODEL/SOF                                          AUXVAR_IDM       DOUBLE                              0 __INPUT__/MODEL/SOF/AUXVAR                                         
 TDIS                                               PERTIM           DOUBLE                              1 --                                                                 
 MODEL/GHB-1                                        ISADVPAK         INTEGER                             1 --                                                                 
 __INPUT__/SIM/NAM                                  SLNTYPE          STRING LEN=300                      2 --                                                                 
 MODEL/STO                                          LASTONPER        INTEGER                             1 --                                                                 
 MODEL/RCH-1                                        ISCLOC           INTEGER                             1 --                                                                 
 MODEL/RCH-1                                        AUXNAME          STRING LEN=16                       0 --                                                                 
 SLN_1                                              PTCDEL0          DOUBLE                              1 --                                                                 
 __INPUT__/SIM                                      NUMEXCHANGES     INTEGER                             1 --                                                                 
 MODEL/RCH-1                                        IVSC             INTEGER                             1 --                                                                 
 SLN_1                                              IOUTTOT_TIMESTEP INTEGER                             1 --                                                                 
 MODEL                                              IOUT             INTEGER                             1 --                                                                 
 MODEL/BUY                                          INEWTON          INTEGER                             1 --                                                                 
 MODEL/XT3D                                         NBRMAX           INTEGER                             1 --                                                                 
 SLN_1/IMSLINEAR                                    ITER1            INTEGER                             1 --                                                                 
 __INPUT__/MODEL/STO                                IPAKCB           INTEGER                             1 --                                                                 
 __INPUT__/MODEL/DIS                                NLAY             INTEGER                             1 --                                                                 
 MODEL/NPF                                          INVSC            INTEGER                             1 --                                                                 
 MODEL/RCH-1                                        AUXVAR           DOUBLE                              0 --                                                                 
 MODEL/CSUB                                         ISTRAINIB        INTEGER                             1 --                                                                 
 MODEL/STO                                          INPUT_FNAME      STRING LEN=300                      1 --                                                                 
 MODEL/GHB-1                                        IBCNUM           INTEGER                             1 --                                                                 
 SLN_1/IMSLINEAR                                    ILINMETH         INTEGER                             1 --                                                                 
 MODEL/VSC                                          IREADELEV        INTEGER                             1 --                                                                 
 __INPUT__/MODEL/SOF                                AUXVAR           DOUBLE                              0 --                                                                 
 MODEL/NPF                                          IONPER           INTEGER                             1 --                                                                 
 __INPUT__/MODEL/GHB-1                              AUXVAR           DOUBLE                              0 --                                                                 
 MODEL/NPF                                          IWETIT           INTEGER                             1 --                                                                 
 MODEL/NPF                                          NODEDGE          INTEGER                             0 --                                                                 
 __INPUT__/MODEL/SOF                                ELEV             DOUBLE                              1 --                                                                 
 MODEL/SOF                                          BOUNDNAME        STRING LEN=40                       0 --                                                                 
 SLN_1/IMSLINEAR                                    IAPC             INTEGER                             6 --                                                                 
 SLN_1/IMSLINEAR                                    NIAPC            INTEGER                             1 --                                                                 
 MODEL/SOF                                          IPRFLOW          INTEGER                             1 --                                                                 
 MODEL/NPF                                          IPRPAK           INTEGER                             1 --                                                                 
 MODEL                                              IPRPAK           INTEGER                             1 --                                                                 
 MODEL/DIS                                          NROW             INTEGER                             1 --                                                                 
 MODEL/CSUB                                         IUPDATESTRESS    INTEGER                             1 --                                                                 
 MODEL/VSC                                          IPRFLOW          INTEGER                             1 --                                                                 
 TMPSLN_1                                           DRMAX            DOUBLE                              1 --                                                                 
 __INPUT__/MODEL/STO                                ICONVERT         INTEGER                             5 --                                                                 
 MODEL/SOF                                          MAXBOUND         INTEGER                             1 --                                                                 
 MODEL/RCH-1                                        NAUX             INTEGER                             1 --                                                                 
 SLN_1                                              HNCG             DOUBLE                            150 --                                                                 
 MODEL/RCH-1                                        BOUNDNAME_IDM    STRING LEN=40                       0 __INPUT__/MODEL/RCH-1/BOUNDNAME                                    
 MODEL/RCH-1                                        AUXNAME_CST      STRING LEN=16                       0 --                                                                 
 MODEL/CSUB                                         LHEAD_BASED      LOGICAL                             1 --                                                                 
 MODEL/STO                                          SATOMEGA         DOUBLE                              1 --                                                                 
 MODEL/HFB                                          PACKAGE_TYPE     STRING LEN=5                        1 --                                                                 
 SLN_1/IMSLINEAR                                    NITERC           INTEGER                             1 --                                                                 
 MODEL/CSUB                                         INAMEDBOUND      INTEGER                             1 --                                                                 
 MODEL/RCH-1                                        NPAKEQ           INTEGER                             1 --                                                                 
 MODEL/BUY                                          IREADELEV        INTEGER                             1 --                                                                 
 __INPUT__/MODEL/DIS                                LENGTH_UNITS     STRING LEN=300                      1 --                                                                 
 SLN_1                                              INNERTOT_SIM     INTEGER                             1 --                                                                 
 MODEL/XT3D                                         INUNIT           INTEGER                             1 --                                                                 
 MODEL/GNC                                          INUNIT           INTEGER                             1 --                                                                 
 MODEL/HFB                                          INUNIT           INTEGER                             1 --                                                                 
 __INPUT__/SIM/TDIS                                 NSTP             INTEGER                           500 --                                                                 
 MODEL/NPF                                          IDEWATCV         INTEGER                             1 --                                                                 
 __INPUT__/MODEL/GHB-1                              BHEAD            DOUBLE                              1 --                                                                 
 MODEL/DIS                                          DELC             DOUBLE                              1 --                                                                 
 __INPUT__/MODEL/RCH-1                              MAXBOUND         INTEGER                             1 --                                                                 
 MODEL/DIS                                          NOGRB            INTEGER                             1 --                                                                 
 MODEL/VSC                                          ICONCSET         INTEGER                             1 --                                                                 
 MODEL/IC                                           IOUT             INTEGER                             1 --                                                                 
 MODEL/RCH-1                                        IPRFLOW          INTEGER                             1 --                                                                 
 __INPUT__/MODEL/GHB-1                              BOUNDNAME        STRING LEN=40                       0 --                                                                 
 MODEL/CSUB                                         NDELAYCELLS      INTEGER                             1 --                                                                 
 MODEL/IC                                           LASTONPER        INTEGER                             1 --                                                                 
 MODEL/GNC                                          SMGNC            LOGICAL                             1 --                                                                 
 __INPUT__/MODEL/GHB-1                              INPUT_FNAME      STRING LEN=300                      1 --                                                                 
 MODEL/DIS                                          DELR             DOUBLE                              1 --                                                                 
 SLN_1/IMSLINEAR                                    NJA              INTEGER                             1 --                                                                 
 __INPUT__/MODEL/RCH-1                              NCPL             INTEGER                             1 --                                                                 
 MODEL/BUY                                          IONPER           INTEGER                             1 --                                                                 
 MODEL/XT3D                                         LAMATSAVED       LOGICAL                             1 --                                                                 
 MODEL/NPF                                          IAVGKEFF         INTEGER                             1 --                                                                 
 SLN_1/IMSLINEAR                                    RELAX            DOUBLE                              1 --                                                                 
 SLN_1/IMSLINEAR                                    IARO             INTEGER                             2 --                                                                 
 MODEL/MVR                                          IBUDGETOUT       INTEGER                             1 --                                                                 
 MODEL/CSUB                                         ID               INTEGER                             1 --                                                                 
 MODEL/GHB-1                                        LASTONPER        INTEGER                             1 --                                                                 
 __INPUT__/MODEL/RCH-1                              IPER             INTEGER                             1 --                                                                 
 MODEL                                              IPAKCB           INTEGER                             1 --                                                                 
 MODEL/BUY                                          IPRPAK           INTEGER                             1 --                                                                 
 SLN_1/IMSLINEAR                                    NJW              INTEGER                             1 --                                                                 
 MODEL/NPF                                          IPAKCB           INTEGER                             1 --                                                                 
 MODEL/NPF                                          HDRY             DOUBLE                              1 --                                                                 
 MODEL/SOF                                          ICUBIC_SCALING   INTEGER                             1 --                                                                 
 TMPSLN_1                                           CONVNMOD         INTEGER                             1 --                                                                 
 MODEL/XT3D                                         VCTHRESH         DOUBLE                              1 --                                                                 
 MODEL/SOF                                          IMOVER           INTEGER                             1 --                                                                 
 MODEL                                              INGNC            INTEGER                             1 --                                                                 
 MODEL/VSC                                          IDXTMPR          INTEGER                             1 --                                                                 
 MODEL/GHB-1                                        CONDINPUT        DOUBLE                              0 --                                                                 
 __INPUT__/MODEL/RCH-1                              AUXILIARY        STRING LEN=16                       0 --                                                                 
 MODEL/GNC                                          NEXG             INTEGER                             1 --                                                                 
 MODEL/CSUB                                         AUXNAME          STRING LEN=16                       0 --                                                                 
 MODEL/IC                                           STRT             DOUBLE                              5 --                                                                 
 SIM                                                LOADMASK         INTEGER                             1 --                                                                 
 MODEL/MVR                                          MAXCOMB          INTEGER                             1 --                                                                 
 SLN_1/IMSLINEAR                                    DVCLOSE          DOUBLE                              1 --                                                                 
 MODEL/BUY                                          IASYM            INTEGER                             1 --                                                                 
 MODEL/CSUB                                         IASYM            INTEGER                             1 --                                                                 
 MODEL/CSUB                                         IPCH             INTEGER                             1 --                                                                 
 SLN_1                                              RES_PREV         DOUBLE                              1 --                                                                 
 MODEL/GHB-1                                        PACKAGE_TYPE     STRING LEN=5                        1 --                                                                 
 SLN_1/IMSLINEAR                                    DSCALE           DOUBLE                              1 --                                                                 
 MODEL/HFB                                          INPUT_FNAME      STRING LEN=300                      1 --                                                                 
 SLN_1/IMSLINEAR                                    ICNVGOPT         INTEGER                             1 --                                                                 
 SLN_1/IMSLINEAR                                    PHAT             DOUBLE                              5 --                                                                 
 __INPUT__/SIM/NAM                                  EXGMEMPATHS      STRING LEN=50                       0 --                                                                 
 MODEL/STO                                          INTVS            INTEGER                             1 --                                                                 
 MODEL/MVR                                          NMVR             INTEGER                             1 --                                                                 
 MODEL/RCH-1                                        CELLID           INTEGER                             3 __INPUT__/MODEL/RCH-1/CELLID                                       
 __INPUT__/MODEL/GHB-1                              NAUX             INTEGER                             1 --                                                                 
 MODEL/SOF                                          IONPER           INTEGER                             1 --                                                                 
 MODEL/VSC                                          NVISCSPECIES     INTEGER                             1 --                                                                 
 MODEL/OC                                           IBUDCSV          INTEGER                             1 --                                                                 
 SLN_1/IMSLINEAR                                    DHAT             DOUBLE                              5 --                                                                 
 MODEL/GHB-1                                        IOUT             INTEGER                             1 --                                                                 
 TDIS                                               ITMUNI           INTEGER                             1 --                                                                 
 MODEL/STO                                          ID               INTEGER                             1 --                                                                 
 __INPUT__/MODEL/SOF                                CELLID           INTEGER                             3 --                                                                 
 TDIS                                               KSTP             INTEGER                             1 --                                                                 
 MODEL/DIS                                          IOUT             INTEGER                             1 --                                                                 
 MODEL/CSUB                                         MAXSIG0          INTEGER                             1 --                                                                 
 MODEL                                              INMVR            INTEGER                             1 --                                                                 
 SLN_1                                              L2NORM0          DOUBLE                              1 --                                                                 
 __INPUT__/MODEL/GHB-1                              CELLID           INTEGER                             3 --                                                                 
 MODEL/NPF                                          ISAVSPDIS        INTEGER                             1 --                                                                 
 __INPUT__/MODEL/GHB-1                              MAXBOUND         INTEGER                             1 --                                                                 
 SLN_1                                              IPTCOPT          INTEGER                             1 --                                                                 
 MODEL/SOF                                          SIMTOMVR         DOUBLE                              0 --                                                                 
 TDIS                                               PERLEN           DOUBLE                            500 --                                                                 
 MODEL/SOF                                          IPRPAK           INTEGER                             1 --                                                                 
 MODEL/CON                                          JAS              INTEGER                            13 --                                                                 
 MODEL/CSUB                                         IOUTZDISP        INTEGER                             1 --                                                                 
 __INPUT__/SIM/NAM                                  MFNAME           STRING LEN=300                      1 --                                                                 
 MODEL/NPF                                          INTVK            INTEGER                             1 --                                                                 
 SLN_1                                              PTCDEL           DOUBLE                              1 --                                                                 
 MODEL/MVR                                          INPUT_FNAME      STRING LEN=300                      1 --                                                                 
 SLN_1                                              X                DOUBLE                              5 --                                                                 
 MODEL/NPF                                          ANGLE1           DOUBLE                              0 --                                                                 
 MODEL/RCH-1                                        NBOUND           INTEGER                             1 --                                                                 
 MODEL/NPF                                          ANGLE2           DOUBLE                              0 --                                                                 
 MODEL/CSUB                                         ISTOUNIT         INTEGER                             1 --                                                                 
 MODEL/DIS                                          BOT              DOUBLE                              5 --                                                                 
 MODEL/NPF                                          ANGLE3           DOUBLE                              0 --                                                                 
 __INPUT__/MODEL                                    MODEL_SHAPE      INTEGER                             3 --                                                                 
 MODEL/BUY                                          IREADCONCBUY     INTEGER                             1 --                                                                 
 MODEL/GHB-1                                        IMOVER           INTEGER                             1 --                                                                 
 MODEL/CSUB                                         IONPER           INTEGER                             1 --                                                                 
 __INPUT__/MODEL/SOF                                NCPL             INTEGER                             1 --                                                                 
 MODEL/DIS                                          NODEUSER         INTEGER                             1 --                                                                 
 SLN_1                                              BTOL             DOUBLE                              1 --                                                                 
 MODEL/BUY                                          IPAKCB           INTEGER                             1 --                                                                 
 __INPUT__/MODEL/SOF                                AUXILIARY        STRING LEN=16                       0 --                                                                 
 __INPUT__/MODEL/SOF                                NBOUND           INTEGER                             1 --                                                                 
 MODEL/SOF                                          BOUNDNAME_IDM    STRING LEN=40                       0 __INPUT__/MODEL/SOF/BOUNDNAME                                      
 MODEL/STO                                          IPRFLOW          INTEGER                             1 --                                                                 
 __INPUT__/MODEL/GHB-1                              NBOUND           INTEGER                             1 --                                                                 
 SLN_1                                              AMAT             DOUBLE                             13 --                                                                 
 __INPUT__/MODEL                                    PKGNAMES         STRING LEN=16                       8 --                                                                 
 MODEL                                              XOLD             DOUBLE                              5 --                                                                 
 __INPUT__/MODEL/SOF                                IPER             INTEGER                             1 --                                                                 
 MODEL/NPF                                          WETFCT           DOUBLE                              1 --                                                                 
 MODEL/CSUB                                         IPRPAK           INTEGER                             1 --                                                                 
 MODEL/SOF                                          NOUPDATEAUXVAR   INTEGER                             0 --                                                                 
 MODEL/CSUB                                         STONAME          STRING LEN=50                       1 --                                                                 
 MODEL/SOF                                          IAUXMULTCOL      INTEGER                             1 --                                                                 
 MODEL/CSUB                                         IESLAG           INTEGER                             1 --                                                                 
 MODEL/MVR                                          INEWTON          INTEGER                             1 --                                                                 
 MODEL/SOF                                          IVSC             INTEGER                             1 --                                                                 
 __INPUT__/MODEL/NPF                                INPUT_FNAME      STRING LEN=300                      1 --                                                                 
 SLN_1/IMSLINEAR                                    EPFACT           DOUBLE                              1 --                                                                 
 SLN_1/IMSLINEAR                                    IACPC            INTEGER                             1 --                                                                 
 __INPUT__/MODEL/DIS                                NROW             INTEGER                             1 --                                                                 
 MODEL/GHB-1                                        IONPER           INTEGER                             1 --                                                                 
 MODEL/NPF                                          SPDIS            DOUBLE                              0 --                                                                 
 MODEL/VSC                                          ID               INTEGER                             1 --                                                                 
 SLN_1                                              LRCH             INTEGER                           450 --                                                                 
 MODEL/NPF                                          ITHICKSTRT       INTEGER                             1 --                                                                 
 MODEL/CSUB                                         INITIALIZED      INTEGER                             1 --                                                                 
 MODEL/XT3D                                         INEWTON          INTEGER                             1 --                                                                 
 MODEL/GNC                                          INEWTON          INTEGER                             1 --                                                                 
 __INPUT__/SIM/NAM                                  MAXERRORS        INTEGER                             1 --                                                                 
 __INPUT__/MODEL/SOF                                INPUT_FNAME      STRING LEN=300                      1 --                                                                 
 MODEL/CSUB                                         IPRFLOW          INTEGER                             1 --                                                                 
 MODEL/GHB-1                                        AUXNAME_CST      STRING LEN=16                       0 --                                                                 
 MODEL/HFB                                          IVSC             INTEGER                             1 --                                                                 
 __INPUT__/MODEL/GHB-1                              COND             DOUBLE                              1 --                                                                 
 MODEL/NPF                                          LASTEDGE         INTEGER                             1 --                                                                 
 MODEL/GHB-1                                        BOUNDNAME_IDM    STRING LEN=40                       0 __INPUT__/MODEL/GHB-1/BOUNDNAME                                    
 MODEL/RCH-1                                        NODELIST         INTEGER                             1 --                                                                 
 TDIS                                               TOTIM            DOUBLE                              1 --                                                                 
 MODEL/HFB                                          MAXHFB           INTEGER                             1 --                                                                 
 MODEL/GHB-1                                        IPRPAK           INTEGER                             1 --                                                                 
 MODEL/NPF                                          INUNIT           INTEGER                             1 --                                                                 
 MODEL/BUY                                          IFORM            INTEGER                             1 --                                                                 
 MODEL/SOF                                          IASYM            INTEGER                             1 --                                                                 
 MODEL/CSUB                                         IUPDATEMATPROP   INTEGER                             1 --                                                                 
 MODEL                                              ID               INTEGER                             1 --                                                                 
 TDIS                                               ENDOFPERIOD      LOGICAL                             1 --                                                                 
 MODEL/CSUB                                         BETA             DOUBLE                              1 --                                                                 
 MODEL/RCH-1                                        IBCNUM           INTEGER                             1 --                                                                 
 SIM                                                MODELRANKS       INTEGER                             1 --                                                                 
 MODEL/VSC                                          IASYM            INTEGER                             1 --                                                                 
 MODEL/SOF                                          IPAKCB           INTEGER                             1 --                                                                 
 MODEL/SOF                                          NAUX             INTEGER                             1 --                                                                 
 SLN_1                                              CONVMODSTART     INTEGER                             2 --                                                                 
 MODEL/RCH-1                                        BOUND            DOUBLE                              0 --                                                                 
 TMPSLN_1                                           CONVDRMAX        DOUBLE                              1 --                                                                 
 MODEL/CON                                          NJAS             INTEGER                             1 --                                                                 
 __INPUT__/MODEL/RCH-1                              AUXVAR           DOUBLE                              0 --                                                                 
 MODEL/RCH-1                                        AUXVAR_IDM       DOUBLE                              0 __INPUT__/MODEL/RCH-1/AUXVAR                                       
 SLN_1/IMSLINEAR                                    NWLU             INTEGER                             1 --                                                                 
 __INPUT__/MODEL/NPF                                ICELLTYPE        INTEGER                             5 --                                                                 
 MODEL/CSUB                                         ICELLF           INTEGER                             1 --                                                                 
 __INPUT__/MODEL/DIS                                DELC             DOUBLE                              1 --                                                                 
 MODEL/RCH-1                                        BOUNDNAME        STRING LEN=40                       0 --                                                                 
 MODEL/GNC                                          INPUT_FNAME      STRING LEN=300                      1 --                                                                 
 MODEL/GHB-1                                        IOFFSET          INTEGER                             1 --                                                                 
 MODEL/NPF                                          ITHICKSTARTFLAG  INTEGER                             5 --                                                                 
 SLN_1                                              NROW             INTEGER                             1 --                                                                 
 __INPUT__/MODEL/STO                                INPUT_FNAME      STRING LEN=300                      1 --                                                                 
 MODEL/STO                                          IORIG_SS         INTEGER                             1 --                                                                 
 MODEL/OC                                           IPEROC           INTEGER                             1 --                                                                 
 __INPUT__/MODEL/SOF                                MAXBOUND         INTEGER                             1 --                                                                 
 __INPUT__/MODEL/DIS                                DELR             DOUBLE                              1 --                                                                 
 MODEL/MVR                                          PACKAGE_TYPE     STRING LEN=5                        1 --                                                                 
 MODEL/MVR                                          IEXGMVR          INTEGER                             1 --                                                                 
 MODEL/BUY                                          ICONCSET         INTEGER                             1 --                                                                 
 MODEL/SOF                                          ISADVPAK         INTEGER                             1 --                                                                 
 MODEL                                              DBUFF            DOUBLE                              5 --                                                                 
 MODEL/CON                                          NJA              INTEGER                             1 --                                                                 
 MODEL/GNC                                          I2KN             LOGICAL                             1 --                                                                 
 MODEL/CSUB                                         IPAKCB           INTEGER                             1 --                                                                 
 MODEL/CSUB                                         ICONVCHK         INTEGER                             1 --                                                                 
 SLN_1/IMSLINEAR                                    IDFPARAM         INTEGER                             1 --                                                                 
 __INPUT__/SIM/NAM                                  SLNFNAME         STRING LEN=300                      2 --                                                                 
 MODEL/NPF                                          IPERCHED         INTEGER                             1 --                                                                 
 SLN_1                                              BIGCH            DOUBLE                              1 --                                                                 
 MODEL/RCH-1                                        RHS              DOUBLE                              1 --                                                                 
 MODEL/RCH-1                                        RECHARGE         DOUBLE                              1 __INPUT__/MODEL/RCH-1/RECHARGE                                     
 MODEL/IC                                           IONPER           INTEGER                             1 --                                                                 
 TDIS                                               NPER             INTEGER                             1 --                                                                 
 SLN_1/IMSLINEAR                                    RCLOSE           DOUBLE                              1 --                                                                 
 MODEL/BUY                                          INUNIT           INTEGER                             1 --                                                                 
 MODEL/NPF                                          IXT3DRHS         INTEGER                             1 --                                                                 
 MODEL/CSUB                                         LISTLABEL        STRING LEN=500                      1 --                                                                 
 MODEL/SOF                                          LASTONPER        INTEGER                             1 --                                                                 
 MODEL/GHB-1                                        IPAKCB           INTEGER                             1 --                                                                 
 MODEL/GHB-1                                        NODELIST         INTEGER                             1 --                                                                 
 MODEL/NPF                                          NEDGES           INTEGER                             1 --                                                                 
 MODEL/CSUB                                         IOUTCOMPE        INTEGER                             1 --                                                                 
 MODEL/GHB-1                                        NOUPDATEAUXVAR   INTEGER                             0 --                                                                 
 TDIS                                               DELTSAV          DOUBLE                              1 --                                                                 
 MODEL/CSUB                                         IOUTCOMPI        INTEGER                             1 --                                                                 
 MODEL                                              IBOUND           INTEGER                             5 SLN_1/IBOUND                                                       
 SLN_1                                              IPTCOUT          INTEGER                             1 --                                                                 
 MODEL/NPF                                          NREDGESNODE      INTEGER                             0 --                                                                 
 MODEL/IC                                           INPUT_FNAME      STRING LEN=300                      1 --                                                                 
 MODEL/IC                                           IPRPAK           INTEGER                             1 --                                                                 
 MODEL/SOF                                          COND             DOUBLE                              1 __INPUT__/MODEL/SOF/COND                                           
 SLN_1/IMSLINEAR                                    JLU              INTEGER                             1 --                                                                 
 MODEL/CSUB                                         IOUTCOMPS        INTEGER                             1 --                                                                 
 MODEL/CSUB                                         ISTRAINSK        INTEGER                             1 --                                                                 
 MODEL/NPF                                          K11INPUT         DOUBLE                              0 --                                                                 
 __INPUT__/MODEL/STO                                SS               DOUBLE                              5 --                                                                 
 SLN_1                                              ICNVG            INTEGER                             1 --                                                                 
 MODEL/SOF                                          CONDINPUT        DOUBLE                              0 --                                                                 
 MODEL                                              ISS              INTEGER                             1 --                                                                 
 __INPUT__/MODEL/NPF                                K                DOUBLE                              5 --                                                                 
 MODEL/BUY                                          IPRFLOW          INTEGER                             1 --                                                                 
 MODEL/STO                                          INTEGRATECHANGES INTEGER                             1 --                                                                 
 MODEL/NPF                                          HNOFLO           DOUBLE                              1 --                                                                 
 MODEL/DIS                                          YORIGIN          DOUBLE                              1 --                                                                 
 MODEL/GNC                                          NUMJS            INTEGER                             1 --                                                                 
 MODEL/MVR                                          LASTONPER        INTEGER                             1 --                                                                 
 __INPUT__/MODEL/RCH-1                              NAUX             INTEGER                             1 --                                                                 
 MODEL/GHB-1                                        BOUND            DOUBLE                              0 --                                                                 
 MODEL/RCH-1                                        IOUT             INTEGER                             1 --                                                                 
 SLN_1/IMSLINEAR                                    L2NORM0          DOUBLE                              1 --                                                                 
 MODEL/RCH-1                                        INPUT_FNAME      STRING LEN=300                      1 --                                                                 
 __INPUT__/MODEL/DIS                                INPUT_FNAME      STRING LEN=300                      1 --                                                                 
 MODEL/MVR                                          IASYM            INTEGER                             1 --                                                                 
 MODEL/CSUB                                         GAMMAW           DOUBLE                              1 --                                                                 
 MODEL/GNC                                          LASTONPER        INTEGER                             1 --                                                                 
 __INPUT__/SIM/TDIS                                 TIME_UNITS       STRING LEN=300                      1 --                                                                 
 SLN_1/IMSLINEAR                                    LORDER           INTEGER                             1 --                                                                 
 MODEL/NPF                                          IWETDRY          INTEGER                             1 --                                                                 
 MODEL/RCH-1                                        PACKAGE_TYPE     STRING LEN=5                        1 --                                                                 
 __INPUT__/MODEL/IC                                 STRT             DOUBLE                              5 --                                                                 
 MODEL                                              IBUFF            INTEGER                             5 --                                                                 
 MODEL/DIS                                          NDIM             INTEGER                             1 --                                                                 
 MODEL/SOF                                          INUNIT           INTEGER                             1 --                                                                 
 TMPSLN_1                                           DVMAX            DOUBLE                              1 --                                                                 
 MODEL/CSUB                                         ISPECIFIED_PCS   INTEGER                             1 --                                                                 
 MODEL/SOF                                          IOFFSET          INTEGER                             1 --                                                                 
 MODEL/MVR                                          MAXMVR           INTEGER                             1 --                                                                 
 MODEL/CSUB                                         IOUTCOMPIB       INTEGER                             1 --                                                                 
 SLN_1                                              DXOLD            DOUBLE                              5 --                                                                 
 MODEL/SOF                                          INAMEDBOUND      INTEGER                             1 --                                                                 
 __INPUT__/MODEL/SOF                                IPRFLOW          INTEGER                             1 --                                                                 
 MODEL/VSC                                          LASTONPER        INTEGER                             1 --                                                                 
 __INPUT__/MODEL/RCH-1                              CELLID           INTEGER                             3 --                                                                 
 __INPUT__/SIM/NAM                                  SLNMNAMES        STRING LEN=300                      2 --                                                                 
 MODEL/CON                                          HWVA             DOUBLE                              4 --                                                                 
 MODEL/CSUB                                         INUNIT           INTEGER                             1 --                                                                 
 MODEL/NPF                                          CONDSAT          DOUBLE                              4 --                                                                 
 MODEL/BUY                                          NRHOSPECIES      INTEGER                             1 --                                                                 
 MODEL/CON                                          ANGLEX           DOUBLE                              4 --                                                                 
 MODEL                                              INCSUB           INTEGER                             1 --                                                                 
 MODEL/BUY                                          ID               INTEGER                             1 --                                                                 
 MODEL/DIS                                          XORIGIN          DOUBLE                              1 --                                                                 
 MODEL/CON                                          IHC              INTEGER                             4 --                                                                 
 MODEL/IC                                           IPAKCB           INTEGER                             1 --                                                                 
 TDIS                                               TOTALSIMTIME     DOUBLE                              1 --                                                                 
 MODEL/BUY                                          IOUTDENSE        INTEGER                             1 --                                                                 
 MODEL                                              FLOWJA           DOUBLE                             13 --                                                                 
 MODEL/SOF                                          RHS              DOUBLE                              1 --                                                                 
 __INPUT__/MODEL                                    NETCDF_FNAME     STRING LEN=300                      1 --                                                                 
 MODEL/NPF                                          IXT3D            INTEGER                             1 --                                                                 
 MODEL/VSC                                          INPUT_FNAME      STRING LEN=300                      1 --                                                                 
 __INPUT__/SIM/TDIS                                 PERLEN           DOUBLE                            500 --                                                                 
 MODEL/RCH-1                                        IMOVER           INTEGER                             1 --                                                                 
 __INPUT__/MODEL/NPF                                IPAKCB           INTEGER                             1 --                                                                 
 MODEL/RCH-1                                        ID               INTEGER                             1 --                                                                 
 MODEL/GHB-1                                        INUNIT           INTEGER                             1 --                                                                 
 MODEL                                              NAME             STRING LEN=16                       1 --                                                                 
 __INPUT__/MODEL/RCH-1                              NBOUND           INTEGER                             1 --                                                                 
 MODEL/CSUB                                         NDELAYBEDS       INTEGER                             1 --                                                                 
 MODEL/DIS                                          CELLX            DOUBLE                              1 --                                                                 
 MODEL/DIS                                          LENUNI           INTEGER                             1 --                                                                 
 MODEL/RCH-1                                        IOFFSET          INTEGER                             1 --                                                                 
 MODEL/DIS                                          IDOMAIN          INTEGER                             5 --                                                                 
 MODEL/DIS                                          CELLY            DOUBLE                              1 --                                                                 
 __INPUT__/MODEL/STO                                IPER             INTEGER                             1 --                                                                 
 __INPUT__/MODEL/SOF                                NAUX             INTEGER                             1 --                                                                 
 MODEL/NPF                                          KCHANGEPER       INTEGER                             1 --                                                                 
 SLN_1                                              NONMETH          INTEGER                             1 --                                                                 
 SLN_1                                              NUMTRACK         INTEGER                             1 --                                                                 
 MODEL/STO                                          IASYM            INTEGER                             1 --                                                                 
 MODEL/CSUB                                         NAUX             INTEGER                             1 --                                                                 
 MODEL/BUY                                          LASTONPER        INTEGER                             1 --                                                                 
 MODEL/RCH-1                                        IONPER           INTEGER                             1 --                                                                 
 SLN_1                                              ICSVOUTEROUT     INTEGER                             1 --                                                                 
 __INPUT__/MODEL/SOF                                IONPER           INTEGER                             1 --                                                                 
 TDIS                                               TSMULT           DOUBLE                            500 --                                                                 
 MODEL/NPF                                          SATOMEGA         DOUBLE                              1 --                                                                 
 MODEL/RCH-1                                        IPRPAK           INTEGER                             1 --                                                                 
 SLN_1                                              IPRIMS           INTEGER                             1 --                                                                 
 MODEL/RCH-1                                        NOUPDATEAUXVAR   INTEGER                             0 --                                                                 
 MODEL                                              IDSOLN           INTEGER                             1 --                                                                 
 __INPUT__/MODEL/GHB-1                              IONPER           INTEGER                             1 --                                                                 
 SLN_1                                              LINSOLVER        INTEGER                             1 --                                                                 
 MODEL/VSC                                          IOUTVISC         INTEGER                             1 --                                                                 
 SLN_1                                              TTSOLN           DOUBLE                              1 --                                                                 
 __INPUT__/MODEL/SOF                                IPRPAK           INTEGER                             1 --                                                                 
 MODEL                                              INOBS            INTEGER                             1 --                                                                 
 __INPUT__/MODEL                                    DISENUM          INTEGER                             1 --                                                                 
 __INPUT__/MODEL                                    NCID             INTEGER                             1 --                                                                 
 __INPUT__/MODEL/GHB-1                              IPRPAK           INTEGER                             1 --                                                                 
 MODEL/MVR                                          MAXPACKAGES      INTEGER                             1 --                                                                 
 SLN_1/IMSLINEAR                                    IPC              INTEGER                             1 --                                                                 
 MODEL/VSC                                          IONPER           INTEGER                             1 --                                                                 
 MODEL                                              INEWTON          INTEGER                             1 --                                                                 
 MODEL/DIS                                          NODESUSER        INTEGER                             1 --                                                                 
 MODEL/RCH-1                                        INOBSPKG         INTEGER                             1 --                                                                 
 MODEL/CSUB                                         BRG              DOUBLE                              1 --                                                                 
 __INPUT__/MODEL/DIS                                BOTM             DOUBLE                              5 --                                                                 
 TDIS                                               INATS            INTEGER                             1 --                                                                 
 __INPUT__/SIM/NAM                                  EXGMNAMEA        STRING LEN=300                      0 --                                                                 
 __INPUT__/SIM/NAM                                  EXGMNAMEB        STRING LEN=300                      0 --                                                                 
 MODEL/STO                                          SS               DOUBLE                              5 --                                                                 
 MODEL/BUY                                          IOUT             INTEGER                             1 --                                                                 
 __INPUT__/MODEL/GHB-1                              IPRFLOW          INTEGER                             1 --                                                                 
 MODEL/HFB                                          INEWTON          INTEGER                             1 --                                                                 
 MODEL/CON                                          ISYM             INTEGER                            13 --                                                                 
 TDIS                                               TOTIMC           DOUBLE                              1 --                                                                 
 MODEL/VSC                                          IPRPAK           INTEGER                             1 --                                                                 
 SLN_1/IMSLINEAR                                    IORDER           INTEGER                             1 --                                                                 
 MODEL/STO                                          SY               DOUBLE                              5 --                                                                 
 MODEL/NPF                                          IASYM            INTEGER                             1 --                                                                 
 MODEL/CSUB                                         ISTORAGEC        INTEGER                             1 --                                                                 
 MODEL/OC                                           IOCREP           INTEGER                             1 --                                                                 
 MODEL/MVR                                          RESET_MAPPED_ID  LOGICAL                             1 --                                                                 
 SLN_1                                              RHS              DOUBLE                              5 --                                                                 
 MODEL/NPF                                          ISAVSAT          INTEGER                             1 --                                                                 
 MODEL/DIS                                          TOP              DOUBLE                              5 --                                                                 
 __INPUT__/MODEL/SOF                                COND             DOUBLE                              1 --                                                                 
 MODEL/XT3D                                         IOUT             INTEGER                             1 --                                                                 
 MODEL/GNC                                          IOUT             INTEGER                             1 --                                                                 
 MODEL/HFB                                          NHFB             INTEGER                             1 --                                                                 
 SLN_1/IMSLINEAR                                    NORTH            INTEGER                             1 --                                                                 
 __INPUT__/MODEL                                    MEMPATHS         STRING LEN=50                       8 --                                                                 
 MODEL/STO                                          ICONF_SS         INTEGER                             1 --                                                                 
 __INPUT__/MODEL/RCH-1                              BOUNDNAME        STRING LEN=40                       0 --                                                                 
 MODEL/STO                                          IUSESY           INTEGER                             1 --                                                                 
 MODEL/IC                                           INUNIT           INTEGER                             1 --                                                                 
 MODEL/GHB-1                                        LISTLABEL        STRING LEN=500                      1 --                                                                 
 MODEL/CON                                          IANGLEX          INTEGER                             1 --                                                                 
 MODEL/SOF                                          PACKAGE_TYPE     STRING LEN=5                        1 --                                                                 
 TMPSLN_1                                           ITINNER          INTEGER                             1 --                                                                 
 TMPSLN_1                                           LOCDR            INTEGER                             1 --                                                                 
 MODEL/GHB-1                                        INPUT_FNAME      STRING LEN=300                      1 --                                                                 
 SLN_1                                              IACTIVE          INTEGER                             5 --                                                                 
 TMPSLN_1                                           LOCDV            INTEGER                             1 --                                                                 
 MODEL/XT3D                                         LDISPERSION      LOGICAL                             1 --                                                                 
 MODEL/STO                                          ISTOR_COEF       INTEGER                             1 --                                                                 
 MODEL/MVR                                          IPRFLOW          INTEGER                             1 --                                                                 
 MODEL/RCH-1                                        IPAKCB           INTEGER                             1 --                                                                 
 SLN_1                                              IALLOWPTC        INTEGER                             1 --                                                                 
 SLN_1                                              RES_NEW          DOUBLE                              1 --                                                                 
 MODEL/RCH-1                                        LASTONPER        INTEGER                             1 --                                                                 
 MODEL/VSC                                          PACKAGE_TYPE     STRING LEN=5                        1 --                                                                 
 SLN_1                                              IBFLAG           INTEGER                             1 --                                                                 
 MODEL/NPF                                          IHCEDGE          INTEGER                             0 --                                                                 
 MODEL/NPF                                          K22INPUT         DOUBLE                              0 --                                                                 
 __INPUT__/MODEL/SOF                                IPAKCB           INTEGER                             1 --                                                                 
 MODEL/GHB-1                                        INOBSPKG         INTEGER                             1 --                                                                 
 MODEL                                              INBUY            INTEGER                             1 --                                                                 
 __INPUT__/SIM/NAM                                  EXGFILE          STRING LEN=300                      0 --                                                                 
 __INPUT__/MODEL/GHB-1                              IPAKCB           INTEGER                             1 --                                                                 
 MODEL/SOF                                          IOUT             INTEGER                             1 --                                                                 
 MODEL/NPF                                          INEWTON          INTEGER                             1 --                                                                 
 MODEL/MVR                                          ID               INTEGER                             1 --                                                                 
 SLN_1                                              NEQ              INTEGER                             1 --                                                                 
 MODEL/DIS                                          NJA              INTEGER                             1 --                                                                 
 MODEL/GNC                                          IPRFLOW          INTEGER                             1 --                                                                 
 MODEL/IC                                           INEWTON          INTEGER                             1 --                                                                 
 MODEL/HFB                                          IOUT             INTEGER                             1 --                                                                 
 SLN_1/IMSLINEAR                                    IORD             INTEGER                             1 --                                                                 
 SIM                                                NUMMODELS        INTEGER                             1 --                                                                 
 SLN_1                                              WSAVE            DOUBLE                              5 --                                                                 
 MODEL/RCH-1                                        CONDINPUT        DOUBLE                              0 --                                                                 
 MODEL/GHB-1                                        HCOF             DOUBLE                              1 --                                                                 
 MODEL/VSC                                          IPAKCB           INTEGER                             1 --                                                                 
 SLN_1                                              DEOLD            DOUBLE                              5 --                                                                 
 MODEL/NPF                                          K11              DOUBLE                              5 --                                                                 
 SLN_1                                              NITERMAX         INTEGER                             1 --                                                                 
 TMPSLN_1                                           CONVDVMAX        DOUBLE                              1 --                                                                 
 MODEL/SOF                                          ID               INTEGER                             1 --                                                                 
 __INPUT__/MODEL/SOF                                BOUNDNAME        STRING LEN=40                       0 --                                                                 
 MODEL/DIS                                          NCOL             INTEGER                             1 --                                                                 
 MODEL/GHB-1                                        INEWTON          INTEGER                             1 --                                                                 
 MODEL/RCH-1                                        IAUXMULTCOL      INTEGER                             1 --                                                                 
 MODEL/NPF                                          ICALCSPDIS       INTEGER                             1 --                                                                 
 MODEL/DIS                                          NODEREDUCED      INTEGER                             1 --                                                                 
 __INPUT__/SIM/NAM                                  NOCHECK          INTEGER                             1 --                                                                 
 MODEL/IC                                           IASYM            INTEGER                             1 --                                                                 
 SLN_1                                              ICSVINNEROUT     INTEGER                             1 --                                                                 
 MODEL/CSUB                                         CC_CRIT          DOUBLE                              1 --                                                                 
 __INPUT__/SIM/NAM                                  MNAME            STRING LEN=300                      1 --                                                                 
 MODEL/NPF                                          K22              DOUBLE                              5 --                                                                 
 MODEL/STO                                          IONPER           INTEGER                             1 --                                                                 
 MODEL/SOF                                          NODELIST         INTEGER                             1 --                                                                 
 TDIS                                               DELT             DOUBLE                              1 --                                                                 
 MODEL/NPF                                          INAME            INTEGER                             1 --                                                                 
 SIM                                                PRINT_PTABLE     LOGICAL                             1 --                                                                 
 MODEL/NPF                                          LASTONPER        INTEGER                             1 --                                                                 
 MODEL/NPF                                          ICELLAVG         INTEGER                             1 --                                                                 
 MODEL/CSUB                                         INPUT_FNAME      STRING LEN=300                      1 --                                                                 
 MODEL/STO                                          IPRPAK           INTEGER                             1 --                                                                 
 SLN_1                                              RELAXOLD         DOUBLE                              1 --                                                                 
 MODEL/NPF                                          IOUT             INTEGER                             1 --                                                                 
 MODEL/NPF                                          NODEKCHANGE      INTEGER                             5 --                                                                 
 MODEL/CON                                          IA               INTEGER                             6 --                                                                 
 MODEL/NPF                                          K33              DOUBLE                              5 --                                                                 
 __INPUT__/MODEL                                    NCELLDIM         INTEGER                             1 --                                                                 
 MODEL/HFB                                          IASYM            INTEGER                             1 --                                                                 
 MODEL/OC                                           IOUT             INTEGER                             1 --                                                                 
 MODEL/IC                                           PACKAGE_TYPE     STRING LEN=5                        1 --                                                                 
 MODEL                                              X                DOUBLE                              5 SLN_1/X                                                            
 MODEL/DIS                                          TOP2D            DOUBLE                              1 --                                                                 
 MODEL/RCH-1                                        MAXBOUND         INTEGER                             1 --                                                                 
 MODEL                                              INIC             INTEGER                             1 --                                                                 
 MODEL/BUY                                          PACKAGE_TYPE     STRING LEN=5                        1 --                                                                 
 MODEL                                              RHS              DOUBLE                              5 SLN_1/RHS                                                          
 MODEL/GHB-1                                        RHS              DOUBLE                              1 --                                                                 
 MODEL/RCH-1                                        INUNIT           INTEGER                             1 --                                                                 
 MODEL/NPF                                          IK22             INTEGER                             1 --                                                                 
 MODEL/SOF                                          AUXNAME_CST      STRING LEN=16                       0 --                                                                 
 MODEL/DIS                                          XC               DOUBLE                              5 --                                                                 
 TDIS                                               NSTP             INTEGER                           500 --                                                                 
 MODEL/CON                                          JA               INTEGER                            13 --                                                                 
 SLN_1                                              BREDUC           DOUBLE                              1 --                                                                 
 MODEL/NPF                                          IK22OVERK        INTEGER                             1 --                                                                 
 SLN_1/IMSLINEAR                                    IOUT             INTEGER                             1 --                                                                 
 MODEL/STO                                          STRGSS           DOUBLE                              5 --                                                                 
 MODEL/NPF                                          IBOTNODE         INTEGER                             0 --                                                                 
 MODEL/STO                                          STRGSY           DOUBLE                              5 --                                                                 
 SLN_1                                              IA               INTEGER                             6 --                                                                 
 __INPUT__/MODEL/RCH-1                              IONPER           INTEGER                             1 --                                                                 
 MODEL/VSC                                          THERMIVISC       INTEGER                             1 --                                                                 
 MODEL/MVR                                          IONPER           INTEGER                             1 --                                                                 
 SLN_1                                              ID               INTEGER                             1 --                                                                 
 MODEL/VSC                                          INUNIT           INTEGER                             1 --                                                                 
 MODEL/XT3D                                         NOZEE            LOGICAL                             1 --                                                                 
 __INPUT__/SIM/NAM                                  PRMEM            STRING LEN=300                      1 --                                                                 
 __INPUT__/MODEL/STO                                STORAGE          STRING LEN=300                      1 --                                                                 
 MODEL/DIS                                          YC               DOUBLE                              5 --                                                                 
 MODEL/NPF                                          IK33             INTEGER                             1 --                                                                 
 __INPUT__/MODEL/GHB-1                              AUXILIARY        STRING LEN=16                       0 --                                                                 
 TDIS                                               READNEWDATA      LOGICAL                             1 --                                                                 
 MODEL/GHB-1                                        NCOLBND          INTEGER                             1 --                                                                 
 MODEL/NPF                                          ICELLTYPE        INTEGER                             5 --                                                                 
 SLN_1                                              NJA              INTEGER                             1 --                                                                 
 MODEL/SOF                                          INEWTON          INTEGER                             1 --                                                                 
 MODEL/SOF                                          ISCLOC           INTEGER                             1 --                                                                 
 MODEL/MVR                                          IPRPAK           INTEGER                             1 --                                                                 
 SLN_1                                              IU               INTEGER                             1 --                                                                 
 MODEL/VSC                                          INEWTON          INTEGER                             1 --                                                                 
 MODEL/STO                                          IPAKCB           INTEGER                             1 --                                                                 
 MODEL/NPF                                          IREWET           INTEGER                             1 --                                                                 
 MODEL                                              NEQ              INTEGER                             1 --                                                                 
 MODEL/GHB-1                                        BHEAD            DOUBLE                              1 __INPUT__/MODEL/GHB-1/BHEAD                                        
 MODEL/IC                                           ID               INTEGER                             1 --                                                                 
 SLN_1                                              JA               INTEGER                            13 --                                                                 
 __INPUT__/SIM/TDIS                                 TSMULT           DOUBLE                            500 --                                                                 
 MODEL/NPF                                          IHDWET           INTEGER                             1 --                                                                 
 MODEL/VSC                                          IOUT             INTEGER                             1 --                                                                 
 MODEL/SOF                                          AUXVAR           DOUBLE                              0 --                                                                 
 __INPUT__/SIM/TDIS                                 NPER             INTEGER                             1 --                                                                 
 MODEL                                              INVSC            INTEGER                             1 --                                                                 
 MODEL                                              INEWTONUR        INTEGER                             1 --                                                                 
 MODEL/SOF                                          LISTLABEL        STRING LEN=500                      1 --                                                                 
 MODEL/RCH-1                                        IASYM            INTEGER                             1 --                                                                 
 __INPUT__/MODEL                                    NETCDF_GRID      STRING LEN=300                      1 --                                                                 
 SLN_1                                              AKAPPA           DOUBLE                              1 --                                                                 
 MODEL/CSUB                                         ISCLOC           INTEGER                             1 --                                                                 
 SLN_1                                              PTCEXP           DOUBLE                              1 --                                                                 
 __INPUT__/MODEL/RCH-1                              RECHARGE         DOUBLE                              1 --                                                                 
 MODEL/GHB-1                                        MAXBOUND         INTEGER                             1 --                                                                 
 __INPUT__/SIM/NAM                                  EXGTYPE          STRING LEN=300                      0 --                                                                 
 __INPUT__/MODEL/DIS                                TOP              DOUBLE                              1 --                                                                 
 SLN_1                                              RES_LIM          DOUBLE                              1 --                                                                 
 MODEL/GHB-1                                        AUXVAR_IDM       DOUBLE                              0 __INPUT__/MODEL/GHB-1/AUXVAR                                       
 MODEL/CSUB                                         IOUT             INTEGER                             1 --                                                                 
 SLN_1                                              THETA            DOUBLE                              1 --                                                                 
 MODEL/RCH-1                                        BOUNDNAME_CST    STRING LEN=40                       0 --                                                                 
 MODEL/HFB                                          ID               INTEGER                             1 --                                                                 
 MODEL/CON                                          CL1              DOUBLE                              4 --                                                                 
 TMPSLN_1                                           CONVLOCDR        INTEGER                             1 --                                                                 
 MODEL/CON                                          CL2              DOUBLE                              4 --                                                                 
 __INPUT__/SIM/NAM                                  MXITER           INTEGER                             1 --                                                                 
 MODEL/RCH-1                                        INEWTON          INTEGER                             1 --                                                                 
 TMPSLN_1                                           CONVLOCDV        INTEGER                             1 --                                                                 
 SLN_1/IMSLINEAR                                    D                DOUBLE                              5 --                                                                 
 __INPUT__/SIM/NAM                                  CONTINUE         INTEGER                             1 --                                                                 
 MODEL/NPF                                          WETDRY           DOUBLE                              1 --                                                                 
 MODEL/NPF                                          PROPSEDGE        DOUBLE                              0 --                                                                 
 SLN_1/IMSLINEAR                                    NJLU             INTEGER                             1 --                                                                 
 MODEL/CSUB                                         NINTERBEDS       INTEGER                             1 --                                                                 
 __INPUT__/MODEL/IC                                 INPUT_FNAME      STRING LEN=300                      1 --                                                                 
 MODEL/GHB-1                                        SIMVALS          DOUBLE                              1 --                                                                 
 MODEL/SOF                                          BOUND            DOUBLE                              0 --                                                                 
 MODEL/GHB-1                                        ISCLOC           INTEGER                             1 --                                                                 
 SLN_1/IMSLINEAR                                    P                DOUBLE                              5 --                                                                 
 MODEL/MVR                                          IBUDCSV          INTEGER                             1 --                                                                 
 SLN_1/IMSLINEAR                                    Q                DOUBLE                              5 --                                                                 
 MODEL/BUY                                          DENSEREF         DOUBLE                              1 --                                                                 
 MODEL/NPF                                          K33INPUT         DOUBLE                              0 --                                                                 
 SLN_1/IMSLINEAR                                    T                DOUBLE                              5 --                                                                 
 MODEL/XT3D                                         IXT3D            INTEGER                             1 --                                                                 
 MODEL/SOF                                          NPAKEQ           INTEGER                             1 --                                                                 
 SLN_1/IMSLINEAR                                    V                DOUBLE                              5 --                                                                 
 MODEL/CON                                          JAUSR            INTEGER                             1 --                                                                 
 MODEL/RCH-1                                        HCOF             DOUBLE                              1 --                                                                 
 SLN_1/IMSLINEAR                                    W                DOUBLE                              5 --                                                                 
 __INPUT__/MODEL/DIS                                NCOL             INTEGER                             1 --                                                                 
 MODEL/NPF                                          IVARCV           INTEGER                             1 --                                                                 
 SLN_1/IMSLINEAR                                    APC              DOUBLE                             13 --                                                                 
 SLN_1/IMSLINEAR                                    Z                DOUBLE                              5 --                                                                 
 MODEL                                              MACRONYM         STRING LEN=3                        1 --                                                                 
 SLN_1/IMSLINEAR                                    DSCALE2          DOUBLE                              1 --                                                                 
 MODEL/GNC                                          IMPLICIT         LOGICAL                             1 --                                                                 
 MODEL/GHB-1                                        IAUXMULTCOL      INTEGER                             1 --                                                                 
 MODEL/GHB-1                                        AUXVAR           DOUBLE                              0 --                                                                 
 MODEL/RCH-1                                        INAMEDBOUND      INTEGER                             1 --                                                                 
 __INPUT__/MODEL/NAM                                FNAME            STRING LEN=300                      8 --                                                                 
 MODEL/MVR                                          IPAKCB           INTEGER                             1 --                                                                 
 MODEL/RCH-1                                        SIMTOMVR         DOUBLE                              0 --                                                                 
 MODEL/CSUB                                         ISPECIFIED_DBH   INTEGER                             1 --                                                                 
 MODEL/STO                                          IOUT             INTEGER                             1 --                                                                 
 MODEL/CSUB                                         SATOMEGA         DOUBLE                              1 --                                                                 
 MODEL/MVR                                          IMODELNAMES      INTEGER                             1 --                                                                 
 __INPUT__/SIM/NAM                                  MTYPE            STRING LEN=300                      1 --                                                                 
 __INPUT__/MODEL/RCH-1                              IPAKCB           INTEGER                             1 --                                                                 
 SLN_1                                              GAMMA            DOUBLE                              1 --                                                                 
 MODEL/NPF                                          IANGLE1          INTEGER                             1 --                                                                 
 MODEL/NPF                                          IANGLE2          INTEGER                             1 --                                                                 
 MODEL/NPF                                          KCHANGESTP       INTEGER                             1 --                                                                 
 MODEL/NPF                                          EDGEIDXS         INTEGER                             0 --                                                                 
 MODEL/NPF                                          IANGLE3          INTEGER                             1 --                                                                 
 SLN_1                                              XTEMP            DOUBLE                              5 --                                                                 
 MODEL/STO                                          ICONVERT         INTEGER                             5 --                                                                 
 SLN_1/IMSLINEAR                                    DROPTOL          DOUBLE                              1 --                                                                 
 __INPUT__/SIM/NAM                                  SOLUTIONGROUPNUM INTEGER                             2 --                                                                 
 __INPUT__/SIM                                      NUMMODELS        INTEGER                             1 --                                                                 
 MODEL/SOF                                          NCOLBND          INTEGER                             1 --                                                                 
 MODEL/CSUB                                         INOBSPKG         INTEGER                             1 --                                                                 
 MODEL                                              IPRFLOW          INTEGER                             1 --                                                                 
 MODEL/NPF                                          SAT              DOUBLE                              5 --                                                                 
 TDIS                                               KPER             INTEGER                             1 --                                                                 
 TMPSLN_1                                           NITERMAX         INTEGER                             1 --                                                                 
 SLN_1/IMSLINEAR                                    NIABCGS          INTEGER                             1 --                                                                 
 MODEL/GHB-1                                        IVSC             INTEGER                             1 --                                                                 
 MODEL/DIS                                          NODES            INTEGER                             1 --                                                                 
 MODEL/GNC                                          ID               INTEGER                             1 --                                                                 
 MODEL/CSUB                                         EPSILON          DOUBLE                              1 --                                                                 
 SLN_1                                              TTFORM           DOUBLE                              1 --                                                                 
 MODEL/GHB-1                                        IASYM            INTEGER                             1 --                                                                 
 MODEL/DIS                                          NLAY             INTEGER                             1 --                                                                 
 -----------------------------------------------------------------------------------------------------------------------------------------------------------------------------



 MEMORY MANAGER TOTAL STORAGE BY DATA TYPE, IN KILOBYTES
 -------------------------------
                    ALLOCATED   
 DATA TYPE           MEMORY     
 -------------------------------
 Character        10.286000     
 Logical          4.80000000E-02
 Integer          8.4480000     
 Real             19.440000     
 -------------------------------
 Total            38.222000     
 Virtual          0.0000000     
 -------------------------------


 
 Run end date and time (yyyy/mm/dd hh:mm:ss): 2025/11/03 12:47:01
 Elapsed run time:  1 Minutes,  3.440 Seconds
 Normal termination of simulation.
